# id, author_id, content, status, title, course_id
1000, 676, Proposal_Content, PENDING, Proposal_Title_FOR_TEST, 2
1001, 676, Proposal_Content, PENDING, Proposal_Title_FOR_TEST, 2
1002, 676, Proposal_Content, PENDING, Proposal_Title_FOR_TEST, 2
1003, 676, Proposal_Content, PENDING, Proposal_Title_FOR_TEST, 2
1004, 676, Proposal_Content, PENDING, Proposal_Title_FOR_TEST, 2
1005, 676, Proposal_Content, PENDING, Proposal_Title_FOR_TEST, 2
1006, 676, Proposal_Content, PENDING, Proposal_Title_FOR_TEST, 2
1007, 676, Proposal_Content, PENDING, Proposal_Title_FOR_TEST, 2
1008, 676, Proposal_Content, PENDING, Proposal_Title_FOR_TEST, 2
1009, 676, Proposal_Content, PENDING, Proposal_Title_FOR_TEST, 2
1010, 676, Proposal_Content, PENDING, Proposal_Title_FOR_TEST, 2
1011, 676, Proposal_Content, PENDING, Proposal_Title_FOR_TEST, 2
1012, 676, Proposal_Content, PENDING, Proposal_Title_FOR_TEST, 2
1013, 676, Proposal_Content, PENDING, Proposal_Title_FOR_TEST, 2
1014, 676, Proposal_Content, PENDING, Proposal_Title_FOR_TEST, 2
1015, 676, Proposal_Content, PENDING, Proposal_Title_FOR_TEST, 2
1016, 676, Proposal_Content, PENDING, Proposal_Title_FOR_TEST, 2
1017, 676, Proposal_Content, PENDING, Proposal_Title_FOR_TEST, 2
1018, 676, Proposal_Content, PENDING, Proposal_Title_FOR_TEST, 2
1019, 676, Proposal_Content, PENDING, Proposal_Title_FOR_TEST, 2
1020, 676, Proposal_Content, PENDING, Proposal_Title_FOR_TEST, 2
1021, 676, Proposal_Content, PENDING, Proposal_Title_FOR_TEST, 2
1022, 676, Proposal_Content, PENDING, Proposal_Title_FOR_TEST, 2
1023, 676, Proposal_Content, PENDING, Proposal_Title_FOR_TEST, 2
1024, 676, Proposal_Content, PENDING, Proposal_Title_FOR_TEST, 2
1025, 676, Proposal_Content, PENDING, Proposal_Title_FOR_TEST, 2
1026, 676, Proposal_Content, PENDING, Proposal_Title_FOR_TEST, 2
1027, 676, Proposal_Content, PENDING, Proposal_Title_FOR_TEST, 2
1028, 676, Proposal_Content, PENDING, Proposal_Title_FOR_TEST, 2
1029, 676, Proposal_Content, PENDING, Proposal_Title_FOR_TEST, 2
1030, 676, Proposal_Content, PENDING, Proposal_Title_FOR_TEST, 2
1031, 676, Proposal_Content, PENDING, Proposal_Title_FOR_TEST, 2
1032, 676, Proposal_Content, PENDING, Proposal_Title_FOR_TEST, 2
1033, 676, Proposal_Content, PENDING, Proposal_Title_FOR_TEST, 2
1034, 676, Proposal_Content, PENDING, Proposal_Title_FOR_TEST, 2
1035, 676, Proposal_Content, PENDING, Proposal_Title_FOR_TEST, 2
1036, 676, Proposal_Content, PENDING, Proposal_Title_FOR_TEST, 2
1037, 676, Proposal_Content, PENDING, Proposal_Title_FOR_TEST, 2
1038, 676, Proposal_Content, PENDING, Proposal_Title_FOR_TEST, 2
1039, 676, Proposal_Content, PENDING, Proposal_Title_FOR_TEST, 2
1040, 676, Proposal_Content, PENDING, Proposal_Title_FOR_TEST, 2
1041, 676, Proposal_Content, PENDING, Proposal_Title_FOR_TEST, 2
1042, 676, Proposal_Content, PENDING, Proposal_Title_FOR_TEST, 2
1043, 676, Proposal_Content, PENDING, Proposal_Title_FOR_TEST, 2
1044, 676, Proposal_Content, PENDING, Proposal_Title_FOR_TEST, 2
1045, 676, Proposal_Content, PENDING, Proposal_Title_FOR_TEST, 2
1046, 676, Proposal_Content, PENDING, Proposal_Title_FOR_TEST, 2
1047, 676, Proposal_Content, PENDING, Proposal_Title_FOR_TEST, 2
1048, 676, Proposal_Content, PENDING, Proposal_Title_FOR_TEST, 2
1049, 676, Proposal_Content, PENDING, Proposal_Title_FOR_TEST, 2
1050, 676, Proposal_Content, PENDING, Proposal_Title_FOR_TEST, 2
1051, 676, Proposal_Content, PENDING, Proposal_Title_FOR_TEST, 2
1052, 676, Proposal_Content, PENDING, Proposal_Title_FOR_TEST, 2
1053, 676, Proposal_Content, PENDING, Proposal_Title_FOR_TEST, 2
1054, 676, Proposal_Content, PENDING, Proposal_Title_FOR_TEST, 2
1055, 676, Proposal_Content, PENDING, Proposal_Title_FOR_TEST, 2
1056, 676, Proposal_Content, PENDING, Proposal_Title_FOR_TEST, 2
1057, 676, Proposal_Content, PENDING, Proposal_Title_FOR_TEST, 2
1058, 676, Proposal_Content, PENDING, Proposal_Title_FOR_TEST, 2
1059, 676, Proposal_Content, PENDING, Proposal_Title_FOR_TEST, 2
1060, 676, Proposal_Content, PENDING, Proposal_Title_FOR_TEST, 2
1061, 676, Proposal_Content, PENDING, Proposal_Title_FOR_TEST, 2
1062, 676, Proposal_Content, PENDING, Proposal_Title_FOR_TEST, 2
1063, 676, Proposal_Content, PENDING, Proposal_Title_FOR_TEST, 2
1064, 676, Proposal_Content, PENDING, Proposal_Title_FOR_TEST, 2
1065, 676, Proposal_Content, PENDING, Proposal_Title_FOR_TEST, 2
1066, 676, Proposal_Content, PENDING, Proposal_Title_FOR_TEST, 2
1067, 676, Proposal_Content, PENDING, Proposal_Title_FOR_TEST, 2
1068, 676, Proposal_Content, PENDING, Proposal_Title_FOR_TEST, 2
1069, 676, Proposal_Content, PENDING, Proposal_Title_FOR_TEST, 2
1070, 676, Proposal_Content, PENDING, Proposal_Title_FOR_TEST, 2
1071, 676, Proposal_Content, PENDING, Proposal_Title_FOR_TEST, 2
1072, 676, Proposal_Content, PENDING, Proposal_Title_FOR_TEST, 2
1073, 676, Proposal_Content, PENDING, Proposal_Title_FOR_TEST, 2
1074, 676, Proposal_Content, PENDING, Proposal_Title_FOR_TEST, 2
1075, 676, Proposal_Content, PENDING, Proposal_Title_FOR_TEST, 2
1076, 676, Proposal_Content, PENDING, Proposal_Title_FOR_TEST, 2
1077, 676, Proposal_Content, PENDING, Proposal_Title_FOR_TEST, 2
1078, 676, Proposal_Content, PENDING, Proposal_Title_FOR_TEST, 2
1079, 676, Proposal_Content, PENDING, Proposal_Title_FOR_TEST, 2
1080, 676, Proposal_Content, PENDING, Proposal_Title_FOR_TEST, 2
1081, 676, Proposal_Content, PENDING, Proposal_Title_FOR_TEST, 2
1082, 676, Proposal_Content, PENDING, Proposal_Title_FOR_TEST, 2
1083, 676, Proposal_Content, PENDING, Proposal_Title_FOR_TEST, 2
1084, 676, Proposal_Content, PENDING, Proposal_Title_FOR_TEST, 2
1085, 676, Proposal_Content, PENDING, Proposal_Title_FOR_TEST, 2
1086, 676, Proposal_Content, PENDING, Proposal_Title_FOR_TEST, 2
1087, 676, Proposal_Content, PENDING, Proposal_Title_FOR_TEST, 2
1088, 676, Proposal_Content, PENDING, Proposal_Title_FOR_TEST, 2
1089, 676, Proposal_Content, PENDING, Proposal_Title_FOR_TEST, 2
1090, 676, Proposal_Content, PENDING, Proposal_Title_FOR_TEST, 2
1091, 676, Proposal_Content, PENDING, Proposal_Title_FOR_TEST, 2
1092, 676, Proposal_Content, PENDING, Proposal_Title_FOR_TEST, 2
1093, 676, Proposal_Content, PENDING, Proposal_Title_FOR_TEST, 2
1094, 676, Proposal_Content, PENDING, Proposal_Title_FOR_TEST, 2
1095, 676, Proposal_Content, PENDING, Proposal_Title_FOR_TEST, 2
1096, 676, Proposal_Content, PENDING, Proposal_Title_FOR_TEST, 2
1097, 676, Proposal_Content, PENDING, Proposal_Title_FOR_TEST, 2
1098, 676, Proposal_Content, PENDING, Proposal_Title_FOR_TEST, 2
1099, 676, Proposal_Content, PENDING, Proposal_Title_FOR_TEST, 2
1100, 676, Proposal_Content, PENDING, Proposal_Title_FOR_TEST, 2
1101, 676, Proposal_Content, PENDING, Proposal_Title_FOR_TEST, 2
1102, 676, Proposal_Content, PENDING, Proposal_Title_FOR_TEST, 2
1103, 676, Proposal_Content, PENDING, Proposal_Title_FOR_TEST, 2
1104, 676, Proposal_Content, PENDING, Proposal_Title_FOR_TEST, 2
1105, 676, Proposal_Content, PENDING, Proposal_Title_FOR_TEST, 2
1106, 676, Proposal_Content, PENDING, Proposal_Title_FOR_TEST, 2
1107, 676, Proposal_Content, PENDING, Proposal_Title_FOR_TEST, 2
1108, 676, Proposal_Content, PENDING, Proposal_Title_FOR_TEST, 2
1109, 676, Proposal_Content, PENDING, Proposal_Title_FOR_TEST, 2
1110, 676, Proposal_Content, PENDING, Proposal_Title_FOR_TEST, 2
1111, 676, Proposal_Content, PENDING, Proposal_Title_FOR_TEST, 2
1112, 676, Proposal_Content, PENDING, Proposal_Title_FOR_TEST, 2
1113, 676, Proposal_Content, PENDING, Proposal_Title_FOR_TEST, 2
1114, 676, Proposal_Content, PENDING, Proposal_Title_FOR_TEST, 2
1115, 676, Proposal_Content, PENDING, Proposal_Title_FOR_TEST, 2
1116, 676, Proposal_Content, PENDING, Proposal_Title_FOR_TEST, 2
1117, 676, Proposal_Content, PENDING, Proposal_Title_FOR_TEST, 2
1118, 676, Proposal_Content, PENDING, Proposal_Title_FOR_TEST, 2
1119, 676, Proposal_Content, PENDING, Proposal_Title_FOR_TEST, 2
1120, 676, Proposal_Content, PENDING, Proposal_Title_FOR_TEST, 2
1121, 676, Proposal_Content, PENDING, Proposal_Title_FOR_TEST, 2
1122, 676, Proposal_Content, PENDING, Proposal_Title_FOR_TEST, 2
1123, 676, Proposal_Content, PENDING, Proposal_Title_FOR_TEST, 2
1124, 676, Proposal_Content, PENDING, Proposal_Title_FOR_TEST, 2
1125, 676, Proposal_Content, PENDING, Proposal_Title_FOR_TEST, 2
1126, 676, Proposal_Content, PENDING, Proposal_Title_FOR_TEST, 2
1127, 676, Proposal_Content, PENDING, Proposal_Title_FOR_TEST, 2
1128, 676, Proposal_Content, PENDING, Proposal_Title_FOR_TEST, 2
1129, 676, Proposal_Content, PENDING, Proposal_Title_FOR_TEST, 2
1130, 676, Proposal_Content, PENDING, Proposal_Title_FOR_TEST, 2
1131, 676, Proposal_Content, PENDING, Proposal_Title_FOR_TEST, 2
1132, 676, Proposal_Content, PENDING, Proposal_Title_FOR_TEST, 2
1133, 676, Proposal_Content, PENDING, Proposal_Title_FOR_TEST, 2
1134, 676, Proposal_Content, PENDING, Proposal_Title_FOR_TEST, 2
1135, 676, Proposal_Content, PENDING, Proposal_Title_FOR_TEST, 2
1136, 676, Proposal_Content, PENDING, Proposal_Title_FOR_TEST, 2
1137, 676, Proposal_Content, PENDING, Proposal_Title_FOR_TEST, 2
1138, 676, Proposal_Content, PENDING, Proposal_Title_FOR_TEST, 2
1139, 676, Proposal_Content, PENDING, Proposal_Title_FOR_TEST, 2
1140, 676, Proposal_Content, PENDING, Proposal_Title_FOR_TEST, 2
1141, 676, Proposal_Content, PENDING, Proposal_Title_FOR_TEST, 2
1142, 676, Proposal_Content, PENDING, Proposal_Title_FOR_TEST, 2
1143, 676, Proposal_Content, PENDING, Proposal_Title_FOR_TEST, 2
1144, 676, Proposal_Content, PENDING, Proposal_Title_FOR_TEST, 2
1145, 676, Proposal_Content, PENDING, Proposal_Title_FOR_TEST, 2
1146, 676, Proposal_Content, PENDING, Proposal_Title_FOR_TEST, 2
1147, 676, Proposal_Content, PENDING, Proposal_Title_FOR_TEST, 2
1148, 676, Proposal_Content, PENDING, Proposal_Title_FOR_TEST, 2
1149, 676, Proposal_Content, PENDING, Proposal_Title_FOR_TEST, 2
1150, 676, Proposal_Content, PENDING, Proposal_Title_FOR_TEST, 2
1151, 676, Proposal_Content, PENDING, Proposal_Title_FOR_TEST, 2
1152, 676, Proposal_Content, PENDING, Proposal_Title_FOR_TEST, 2
1153, 676, Proposal_Content, PENDING, Proposal_Title_FOR_TEST, 2
1154, 676, Proposal_Content, PENDING, Proposal_Title_FOR_TEST, 2
1155, 676, Proposal_Content, PENDING, Proposal_Title_FOR_TEST, 2
1156, 676, Proposal_Content, PENDING, Proposal_Title_FOR_TEST, 2
1157, 676, Proposal_Content, PENDING, Proposal_Title_FOR_TEST, 2
1158, 676, Proposal_Content, PENDING, Proposal_Title_FOR_TEST, 2
1159, 676, Proposal_Content, PENDING, Proposal_Title_FOR_TEST, 2
1160, 676, Proposal_Content, PENDING, Proposal_Title_FOR_TEST, 2
1161, 676, Proposal_Content, PENDING, Proposal_Title_FOR_TEST, 2
1162, 676, Proposal_Content, PENDING, Proposal_Title_FOR_TEST, 2
1163, 676, Proposal_Content, PENDING, Proposal_Title_FOR_TEST, 2
1164, 676, Proposal_Content, PENDING, Proposal_Title_FOR_TEST, 2
1165, 676, Proposal_Content, PENDING, Proposal_Title_FOR_TEST, 2
1166, 676, Proposal_Content, PENDING, Proposal_Title_FOR_TEST, 2
1167, 676, Proposal_Content, PENDING, Proposal_Title_FOR_TEST, 2
1168, 676, Proposal_Content, PENDING, Proposal_Title_FOR_TEST, 2
1169, 676, Proposal_Content, PENDING, Proposal_Title_FOR_TEST, 2
1170, 676, Proposal_Content, PENDING, Proposal_Title_FOR_TEST, 2
1171, 676, Proposal_Content, PENDING, Proposal_Title_FOR_TEST, 2
1172, 676, Proposal_Content, PENDING, Proposal_Title_FOR_TEST, 2
1173, 676, Proposal_Content, PENDING, Proposal_Title_FOR_TEST, 2
1174, 676, Proposal_Content, PENDING, Proposal_Title_FOR_TEST, 2
1175, 676, Proposal_Content, PENDING, Proposal_Title_FOR_TEST, 2
1176, 676, Proposal_Content, PENDING, Proposal_Title_FOR_TEST, 2
1177, 676, Proposal_Content, PENDING, Proposal_Title_FOR_TEST, 2
1178, 676, Proposal_Content, PENDING, Proposal_Title_FOR_TEST, 2
1179, 676, Proposal_Content, PENDING, Proposal_Title_FOR_TEST, 2
1180, 676, Proposal_Content, PENDING, Proposal_Title_FOR_TEST, 2
1181, 676, Proposal_Content, PENDING, Proposal_Title_FOR_TEST, 2
1182, 676, Proposal_Content, PENDING, Proposal_Title_FOR_TEST, 2
1183, 676, Proposal_Content, PENDING, Proposal_Title_FOR_TEST, 2
1184, 676, Proposal_Content, PENDING, Proposal_Title_FOR_TEST, 2
1185, 676, Proposal_Content, PENDING, Proposal_Title_FOR_TEST, 2
1186, 676, Proposal_Content, PENDING, Proposal_Title_FOR_TEST, 2
1187, 676, Proposal_Content, PENDING, Proposal_Title_FOR_TEST, 2
1188, 676, Proposal_Content, PENDING, Proposal_Title_FOR_TEST, 2
1189, 676, Proposal_Content, PENDING, Proposal_Title_FOR_TEST, 2
1190, 676, Proposal_Content, PENDING, Proposal_Title_FOR_TEST, 2
1191, 676, Proposal_Content, PENDING, Proposal_Title_FOR_TEST, 2
1192, 676, Proposal_Content, PENDING, Proposal_Title_FOR_TEST, 2
1193, 676, Proposal_Content, PENDING, Proposal_Title_FOR_TEST, 2
1194, 676, Proposal_Content, PENDING, Proposal_Title_FOR_TEST, 2
1195, 676, Proposal_Content, PENDING, Proposal_Title_FOR_TEST, 2
1196, 676, Proposal_Content, PENDING, Proposal_Title_FOR_TEST, 2
1197, 676, Proposal_Content, PENDING, Proposal_Title_FOR_TEST, 2
1198, 676, Proposal_Content, PENDING, Proposal_Title_FOR_TEST, 2
1199, 676, Proposal_Content, PENDING, Proposal_Title_FOR_TEST, 2
1200, 676, Proposal_Content, PENDING, Proposal_Title_FOR_TEST, 2
1201, 676, Proposal_Content, PENDING, Proposal_Title_FOR_TEST, 2
1202, 676, Proposal_Content, PENDING, Proposal_Title_FOR_TEST, 2
1203, 676, Proposal_Content, PENDING, Proposal_Title_FOR_TEST, 2
1204, 676, Proposal_Content, PENDING, Proposal_Title_FOR_TEST, 2
1205, 676, Proposal_Content, PENDING, Proposal_Title_FOR_TEST, 2
1206, 676, Proposal_Content, PENDING, Proposal_Title_FOR_TEST, 2
1207, 676, Proposal_Content, PENDING, Proposal_Title_FOR_TEST, 2
1208, 676, Proposal_Content, PENDING, Proposal_Title_FOR_TEST, 2
1209, 676, Proposal_Content, PENDING, Proposal_Title_FOR_TEST, 2
1210, 676, Proposal_Content, PENDING, Proposal_Title_FOR_TEST, 2
1211, 676, Proposal_Content, PENDING, Proposal_Title_FOR_TEST, 2
1212, 676, Proposal_Content, PENDING, Proposal_Title_FOR_TEST, 2
1213, 676, Proposal_Content, PENDING, Proposal_Title_FOR_TEST, 2
1214, 676, Proposal_Content, PENDING, Proposal_Title_FOR_TEST, 2
1215, 676, Proposal_Content, PENDING, Proposal_Title_FOR_TEST, 2
1216, 676, Proposal_Content, PENDING, Proposal_Title_FOR_TEST, 2
1217, 676, Proposal_Content, PENDING, Proposal_Title_FOR_TEST, 2
1218, 676, Proposal_Content, PENDING, Proposal_Title_FOR_TEST, 2
1219, 676, Proposal_Content, PENDING, Proposal_Title_FOR_TEST, 2
1220, 676, Proposal_Content, PENDING, Proposal_Title_FOR_TEST, 2
1221, 676, Proposal_Content, PENDING, Proposal_Title_FOR_TEST, 2
1222, 676, Proposal_Content, PENDING, Proposal_Title_FOR_TEST, 2
1223, 676, Proposal_Content, PENDING, Proposal_Title_FOR_TEST, 2
1224, 676, Proposal_Content, PENDING, Proposal_Title_FOR_TEST, 2
1225, 676, Proposal_Content, PENDING, Proposal_Title_FOR_TEST, 2
1226, 676, Proposal_Content, PENDING, Proposal_Title_FOR_TEST, 2
1227, 676, Proposal_Content, PENDING, Proposal_Title_FOR_TEST, 2
1228, 676, Proposal_Content, PENDING, Proposal_Title_FOR_TEST, 2
1229, 676, Proposal_Content, PENDING, Proposal_Title_FOR_TEST, 2
1230, 676, Proposal_Content, PENDING, Proposal_Title_FOR_TEST, 2
1231, 676, Proposal_Content, PENDING, Proposal_Title_FOR_TEST, 2
1232, 676, Proposal_Content, PENDING, Proposal_Title_FOR_TEST, 2
1233, 676, Proposal_Content, PENDING, Proposal_Title_FOR_TEST, 2
1234, 676, Proposal_Content, PENDING, Proposal_Title_FOR_TEST, 2
1235, 676, Proposal_Content, PENDING, Proposal_Title_FOR_TEST, 2
1236, 676, Proposal_Content, PENDING, Proposal_Title_FOR_TEST, 2
1237, 676, Proposal_Content, PENDING, Proposal_Title_FOR_TEST, 2
1238, 676, Proposal_Content, PENDING, Proposal_Title_FOR_TEST, 2
1239, 676, Proposal_Content, PENDING, Proposal_Title_FOR_TEST, 2
1240, 676, Proposal_Content, PENDING, Proposal_Title_FOR_TEST, 2
1241, 676, Proposal_Content, PENDING, Proposal_Title_FOR_TEST, 2
1242, 676, Proposal_Content, PENDING, Proposal_Title_FOR_TEST, 2
1243, 676, Proposal_Content, PENDING, Proposal_Title_FOR_TEST, 2
1244, 676, Proposal_Content, PENDING, Proposal_Title_FOR_TEST, 2
1245, 676, Proposal_Content, PENDING, Proposal_Title_FOR_TEST, 2
1246, 676, Proposal_Content, PENDING, Proposal_Title_FOR_TEST, 2
1247, 676, Proposal_Content, PENDING, Proposal_Title_FOR_TEST, 2
1248, 676, Proposal_Content, PENDING, Proposal_Title_FOR_TEST, 2
1249, 676, Proposal_Content, PENDING, Proposal_Title_FOR_TEST, 2
1250, 676, Proposal_Content, PENDING, Proposal_Title_FOR_TEST, 2
1251, 676, Proposal_Content, PENDING, Proposal_Title_FOR_TEST, 2
1252, 676, Proposal_Content, PENDING, Proposal_Title_FOR_TEST, 2
1253, 676, Proposal_Content, PENDING, Proposal_Title_FOR_TEST, 2
1254, 676, Proposal_Content, PENDING, Proposal_Title_FOR_TEST, 2
1255, 676, Proposal_Content, PENDING, Proposal_Title_FOR_TEST, 2
1256, 676, Proposal_Content, PENDING, Proposal_Title_FOR_TEST, 2
1257, 676, Proposal_Content, PENDING, Proposal_Title_FOR_TEST, 2
1258, 676, Proposal_Content, PENDING, Proposal_Title_FOR_TEST, 2
1259, 676, Proposal_Content, PENDING, Proposal_Title_FOR_TEST, 2
1260, 676, Proposal_Content, PENDING, Proposal_Title_FOR_TEST, 2
1261, 676, Proposal_Content, PENDING, Proposal_Title_FOR_TEST, 2
1262, 676, Proposal_Content, PENDING, Proposal_Title_FOR_TEST, 2
1263, 676, Proposal_Content, PENDING, Proposal_Title_FOR_TEST, 2
1264, 676, Proposal_Content, PENDING, Proposal_Title_FOR_TEST, 2
1265, 676, Proposal_Content, PENDING, Proposal_Title_FOR_TEST, 2
1266, 676, Proposal_Content, PENDING, Proposal_Title_FOR_TEST, 2
1267, 676, Proposal_Content, PENDING, Proposal_Title_FOR_TEST, 2
1268, 676, Proposal_Content, PENDING, Proposal_Title_FOR_TEST, 2
1269, 676, Proposal_Content, PENDING, Proposal_Title_FOR_TEST, 2
1270, 676, Proposal_Content, PENDING, Proposal_Title_FOR_TEST, 2
1271, 676, Proposal_Content, PENDING, Proposal_Title_FOR_TEST, 2
1272, 676, Proposal_Content, PENDING, Proposal_Title_FOR_TEST, 2
1273, 676, Proposal_Content, PENDING, Proposal_Title_FOR_TEST, 2
1274, 676, Proposal_Content, PENDING, Proposal_Title_FOR_TEST, 2
1275, 676, Proposal_Content, PENDING, Proposal_Title_FOR_TEST, 2
1276, 676, Proposal_Content, PENDING, Proposal_Title_FOR_TEST, 2
1277, 676, Proposal_Content, PENDING, Proposal_Title_FOR_TEST, 2
1278, 676, Proposal_Content, PENDING, Proposal_Title_FOR_TEST, 2
1279, 676, Proposal_Content, PENDING, Proposal_Title_FOR_TEST, 2
1280, 676, Proposal_Content, PENDING, Proposal_Title_FOR_TEST, 2
1281, 676, Proposal_Content, PENDING, Proposal_Title_FOR_TEST, 2
1282, 676, Proposal_Content, PENDING, Proposal_Title_FOR_TEST, 2
1283, 676, Proposal_Content, PENDING, Proposal_Title_FOR_TEST, 2
1284, 676, Proposal_Content, PENDING, Proposal_Title_FOR_TEST, 2
1285, 676, Proposal_Content, PENDING, Proposal_Title_FOR_TEST, 2
1286, 676, Proposal_Content, PENDING, Proposal_Title_FOR_TEST, 2
1287, 676, Proposal_Content, PENDING, Proposal_Title_FOR_TEST, 2
1288, 676, Proposal_Content, PENDING, Proposal_Title_FOR_TEST, 2
1289, 676, Proposal_Content, PENDING, Proposal_Title_FOR_TEST, 2
1290, 676, Proposal_Content, PENDING, Proposal_Title_FOR_TEST, 2
1291, 676, Proposal_Content, PENDING, Proposal_Title_FOR_TEST, 2
1292, 676, Proposal_Content, PENDING, Proposal_Title_FOR_TEST, 2
1293, 676, Proposal_Content, PENDING, Proposal_Title_FOR_TEST, 2
1294, 676, Proposal_Content, PENDING, Proposal_Title_FOR_TEST, 2
1295, 676, Proposal_Content, PENDING, Proposal_Title_FOR_TEST, 2
1296, 676, Proposal_Content, PENDING, Proposal_Title_FOR_TEST, 2
1297, 676, Proposal_Content, PENDING, Proposal_Title_FOR_TEST, 2
1298, 676, Proposal_Content, PENDING, Proposal_Title_FOR_TEST, 2
1299, 676, Proposal_Content, PENDING, Proposal_Title_FOR_TEST, 2
1300, 676, Proposal_Content, PENDING, Proposal_Title_FOR_TEST, 2
1301, 676, Proposal_Content, PENDING, Proposal_Title_FOR_TEST, 2
1302, 676, Proposal_Content, PENDING, Proposal_Title_FOR_TEST, 2
1303, 676, Proposal_Content, PENDING, Proposal_Title_FOR_TEST, 2
1304, 676, Proposal_Content, PENDING, Proposal_Title_FOR_TEST, 2
1305, 676, Proposal_Content, PENDING, Proposal_Title_FOR_TEST, 2
1306, 676, Proposal_Content, PENDING, Proposal_Title_FOR_TEST, 2
1307, 676, Proposal_Content, PENDING, Proposal_Title_FOR_TEST, 2
1308, 676, Proposal_Content, PENDING, Proposal_Title_FOR_TEST, 2
1309, 676, Proposal_Content, PENDING, Proposal_Title_FOR_TEST, 2
1310, 676, Proposal_Content, PENDING, Proposal_Title_FOR_TEST, 2
1311, 676, Proposal_Content, PENDING, Proposal_Title_FOR_TEST, 2
1312, 676, Proposal_Content, PENDING, Proposal_Title_FOR_TEST, 2
1313, 676, Proposal_Content, PENDING, Proposal_Title_FOR_TEST, 2
1314, 676, Proposal_Content, PENDING, Proposal_Title_FOR_TEST, 2
1315, 676, Proposal_Content, PENDING, Proposal_Title_FOR_TEST, 2
1316, 676, Proposal_Content, PENDING, Proposal_Title_FOR_TEST, 2
1317, 676, Proposal_Content, PENDING, Proposal_Title_FOR_TEST, 2
1318, 676, Proposal_Content, PENDING, Proposal_Title_FOR_TEST, 2
1319, 676, Proposal_Content, PENDING, Proposal_Title_FOR_TEST, 2
1320, 676, Proposal_Content, PENDING, Proposal_Title_FOR_TEST, 2
1321, 676, Proposal_Content, PENDING, Proposal_Title_FOR_TEST, 2
1322, 676, Proposal_Content, PENDING, Proposal_Title_FOR_TEST, 2
1323, 676, Proposal_Content, PENDING, Proposal_Title_FOR_TEST, 2
1324, 676, Proposal_Content, PENDING, Proposal_Title_FOR_TEST, 2
1325, 676, Proposal_Content, PENDING, Proposal_Title_FOR_TEST, 2
1326, 676, Proposal_Content, PENDING, Proposal_Title_FOR_TEST, 2
1327, 676, Proposal_Content, PENDING, Proposal_Title_FOR_TEST, 2
1328, 676, Proposal_Content, PENDING, Proposal_Title_FOR_TEST, 2
1329, 676, Proposal_Content, PENDING, Proposal_Title_FOR_TEST, 2
1330, 676, Proposal_Content, PENDING, Proposal_Title_FOR_TEST, 2
1331, 676, Proposal_Content, PENDING, Proposal_Title_FOR_TEST, 2
1332, 676, Proposal_Content, PENDING, Proposal_Title_FOR_TEST, 2
1333, 676, Proposal_Content, PENDING, Proposal_Title_FOR_TEST, 2
1334, 676, Proposal_Content, PENDING, Proposal_Title_FOR_TEST, 2
1335, 676, Proposal_Content, PENDING, Proposal_Title_FOR_TEST, 2
1336, 676, Proposal_Content, PENDING, Proposal_Title_FOR_TEST, 2
1337, 676, Proposal_Content, PENDING, Proposal_Title_FOR_TEST, 2
1338, 676, Proposal_Content, PENDING, Proposal_Title_FOR_TEST, 2
1339, 676, Proposal_Content, PENDING, Proposal_Title_FOR_TEST, 2
1340, 676, Proposal_Content, PENDING, Proposal_Title_FOR_TEST, 2
1341, 676, Proposal_Content, PENDING, Proposal_Title_FOR_TEST, 2
1342, 676, Proposal_Content, PENDING, Proposal_Title_FOR_TEST, 2
1343, 676, Proposal_Content, PENDING, Proposal_Title_FOR_TEST, 2
1344, 676, Proposal_Content, PENDING, Proposal_Title_FOR_TEST, 2
1345, 676, Proposal_Content, PENDING, Proposal_Title_FOR_TEST, 2
1346, 676, Proposal_Content, PENDING, Proposal_Title_FOR_TEST, 2
1347, 676, Proposal_Content, PENDING, Proposal_Title_FOR_TEST, 2
1348, 676, Proposal_Content, PENDING, Proposal_Title_FOR_TEST, 2
1349, 676, Proposal_Content, PENDING, Proposal_Title_FOR_TEST, 2
1350, 676, Proposal_Content, PENDING, Proposal_Title_FOR_TEST, 2
1351, 676, Proposal_Content, PENDING, Proposal_Title_FOR_TEST, 2
1352, 676, Proposal_Content, PENDING, Proposal_Title_FOR_TEST, 2
1353, 676, Proposal_Content, PENDING, Proposal_Title_FOR_TEST, 2
1354, 676, Proposal_Content, PENDING, Proposal_Title_FOR_TEST, 2
1355, 676, Proposal_Content, PENDING, Proposal_Title_FOR_TEST, 2
1356, 676, Proposal_Content, PENDING, Proposal_Title_FOR_TEST, 2
1357, 676, Proposal_Content, PENDING, Proposal_Title_FOR_TEST, 2
1358, 676, Proposal_Content, PENDING, Proposal_Title_FOR_TEST, 2
1359, 676, Proposal_Content, PENDING, Proposal_Title_FOR_TEST, 2
1360, 676, Proposal_Content, PENDING, Proposal_Title_FOR_TEST, 2
1361, 676, Proposal_Content, PENDING, Proposal_Title_FOR_TEST, 2
1362, 676, Proposal_Content, PENDING, Proposal_Title_FOR_TEST, 2
1363, 676, Proposal_Content, PENDING, Proposal_Title_FOR_TEST, 2
1364, 676, Proposal_Content, PENDING, Proposal_Title_FOR_TEST, 2
1365, 676, Proposal_Content, PENDING, Proposal_Title_FOR_TEST, 2
1366, 676, Proposal_Content, PENDING, Proposal_Title_FOR_TEST, 2
1367, 676, Proposal_Content, PENDING, Proposal_Title_FOR_TEST, 2
1368, 676, Proposal_Content, PENDING, Proposal_Title_FOR_TEST, 2
1369, 676, Proposal_Content, PENDING, Proposal_Title_FOR_TEST, 2
1370, 676, Proposal_Content, PENDING, Proposal_Title_FOR_TEST, 2
1371, 676, Proposal_Content, PENDING, Proposal_Title_FOR_TEST, 2
1372, 676, Proposal_Content, PENDING, Proposal_Title_FOR_TEST, 2
1373, 676, Proposal_Content, PENDING, Proposal_Title_FOR_TEST, 2
1374, 676, Proposal_Content, PENDING, Proposal_Title_FOR_TEST, 2
1375, 676, Proposal_Content, PENDING, Proposal_Title_FOR_TEST, 2
1376, 676, Proposal_Content, PENDING, Proposal_Title_FOR_TEST, 2
1377, 676, Proposal_Content, PENDING, Proposal_Title_FOR_TEST, 2
1378, 676, Proposal_Content, PENDING, Proposal_Title_FOR_TEST, 2
1379, 676, Proposal_Content, PENDING, Proposal_Title_FOR_TEST, 2
1380, 676, Proposal_Content, PENDING, Proposal_Title_FOR_TEST, 2
1381, 676, Proposal_Content, PENDING, Proposal_Title_FOR_TEST, 2
1382, 676, Proposal_Content, PENDING, Proposal_Title_FOR_TEST, 2
1383, 676, Proposal_Content, PENDING, Proposal_Title_FOR_TEST, 2
1384, 676, Proposal_Content, PENDING, Proposal_Title_FOR_TEST, 2
1385, 676, Proposal_Content, PENDING, Proposal_Title_FOR_TEST, 2
1386, 676, Proposal_Content, PENDING, Proposal_Title_FOR_TEST, 2
1387, 676, Proposal_Content, PENDING, Proposal_Title_FOR_TEST, 2
1388, 676, Proposal_Content, PENDING, Proposal_Title_FOR_TEST, 2
1389, 676, Proposal_Content, PENDING, Proposal_Title_FOR_TEST, 2
1390, 676, Proposal_Content, PENDING, Proposal_Title_FOR_TEST, 2
1391, 676, Proposal_Content, PENDING, Proposal_Title_FOR_TEST, 2
1392, 676, Proposal_Content, PENDING, Proposal_Title_FOR_TEST, 2
1393, 676, Proposal_Content, PENDING, Proposal_Title_FOR_TEST, 2
1394, 676, Proposal_Content, PENDING, Proposal_Title_FOR_TEST, 2
1395, 676, Proposal_Content, PENDING, Proposal_Title_FOR_TEST, 2
1396, 676, Proposal_Content, PENDING, Proposal_Title_FOR_TEST, 2
1397, 676, Proposal_Content, PENDING, Proposal_Title_FOR_TEST, 2
1398, 676, Proposal_Content, PENDING, Proposal_Title_FOR_TEST, 2
1399, 676, Proposal_Content, PENDING, Proposal_Title_FOR_TEST, 2
1400, 676, Proposal_Content, PENDING, Proposal_Title_FOR_TEST, 2
1401, 676, Proposal_Content, PENDING, Proposal_Title_FOR_TEST, 2
1402, 676, Proposal_Content, PENDING, Proposal_Title_FOR_TEST, 2
1403, 676, Proposal_Content, PENDING, Proposal_Title_FOR_TEST, 2
1404, 676, Proposal_Content, PENDING, Proposal_Title_FOR_TEST, 2
1405, 676, Proposal_Content, PENDING, Proposal_Title_FOR_TEST, 2
1406, 676, Proposal_Content, PENDING, Proposal_Title_FOR_TEST, 2
1407, 676, Proposal_Content, PENDING, Proposal_Title_FOR_TEST, 2
1408, 676, Proposal_Content, PENDING, Proposal_Title_FOR_TEST, 2
1409, 676, Proposal_Content, PENDING, Proposal_Title_FOR_TEST, 2
1410, 676, Proposal_Content, PENDING, Proposal_Title_FOR_TEST, 2
1411, 676, Proposal_Content, PENDING, Proposal_Title_FOR_TEST, 2
1412, 676, Proposal_Content, PENDING, Proposal_Title_FOR_TEST, 2
1413, 676, Proposal_Content, PENDING, Proposal_Title_FOR_TEST, 2
1414, 676, Proposal_Content, PENDING, Proposal_Title_FOR_TEST, 2
1415, 676, Proposal_Content, PENDING, Proposal_Title_FOR_TEST, 2
1416, 676, Proposal_Content, PENDING, Proposal_Title_FOR_TEST, 2
1417, 676, Proposal_Content, PENDING, Proposal_Title_FOR_TEST, 2
1418, 676, Proposal_Content, PENDING, Proposal_Title_FOR_TEST, 2
1419, 676, Proposal_Content, PENDING, Proposal_Title_FOR_TEST, 2
1420, 676, Proposal_Content, PENDING, Proposal_Title_FOR_TEST, 2
1421, 676, Proposal_Content, PENDING, Proposal_Title_FOR_TEST, 2
1422, 676, Proposal_Content, PENDING, Proposal_Title_FOR_TEST, 2
1423, 676, Proposal_Content, PENDING, Proposal_Title_FOR_TEST, 2
1424, 676, Proposal_Content, PENDING, Proposal_Title_FOR_TEST, 2
1425, 676, Proposal_Content, PENDING, Proposal_Title_FOR_TEST, 2
1426, 676, Proposal_Content, PENDING, Proposal_Title_FOR_TEST, 2
1427, 676, Proposal_Content, PENDING, Proposal_Title_FOR_TEST, 2
1428, 676, Proposal_Content, PENDING, Proposal_Title_FOR_TEST, 2
1429, 676, Proposal_Content, PENDING, Proposal_Title_FOR_TEST, 2
1430, 676, Proposal_Content, PENDING, Proposal_Title_FOR_TEST, 2
1431, 676, Proposal_Content, PENDING, Proposal_Title_FOR_TEST, 2
1432, 676, Proposal_Content, PENDING, Proposal_Title_FOR_TEST, 2
1433, 676, Proposal_Content, PENDING, Proposal_Title_FOR_TEST, 2
1434, 676, Proposal_Content, PENDING, Proposal_Title_FOR_TEST, 2
1435, 676, Proposal_Content, PENDING, Proposal_Title_FOR_TEST, 2
1436, 676, Proposal_Content, PENDING, Proposal_Title_FOR_TEST, 2
1437, 676, Proposal_Content, PENDING, Proposal_Title_FOR_TEST, 2
1438, 676, Proposal_Content, PENDING, Proposal_Title_FOR_TEST, 2
1439, 676, Proposal_Content, PENDING, Proposal_Title_FOR_TEST, 2
1440, 676, Proposal_Content, PENDING, Proposal_Title_FOR_TEST, 2
1441, 676, Proposal_Content, PENDING, Proposal_Title_FOR_TEST, 2
1442, 676, Proposal_Content, PENDING, Proposal_Title_FOR_TEST, 2
1443, 676, Proposal_Content, PENDING, Proposal_Title_FOR_TEST, 2
1444, 676, Proposal_Content, PENDING, Proposal_Title_FOR_TEST, 2
1445, 676, Proposal_Content, PENDING, Proposal_Title_FOR_TEST, 2
1446, 676, Proposal_Content, PENDING, Proposal_Title_FOR_TEST, 2
1447, 676, Proposal_Content, PENDING, Proposal_Title_FOR_TEST, 2
1448, 676, Proposal_Content, PENDING, Proposal_Title_FOR_TEST, 2
1449, 676, Proposal_Content, PENDING, Proposal_Title_FOR_TEST, 2
1450, 676, Proposal_Content, PENDING, Proposal_Title_FOR_TEST, 2
1451, 676, Proposal_Content, PENDING, Proposal_Title_FOR_TEST, 2
1452, 676, Proposal_Content, PENDING, Proposal_Title_FOR_TEST, 2
1453, 676, Proposal_Content, PENDING, Proposal_Title_FOR_TEST, 2
1454, 676, Proposal_Content, PENDING, Proposal_Title_FOR_TEST, 2
1455, 676, Proposal_Content, PENDING, Proposal_Title_FOR_TEST, 2
1456, 676, Proposal_Content, PENDING, Proposal_Title_FOR_TEST, 2
1457, 676, Proposal_Content, PENDING, Proposal_Title_FOR_TEST, 2
1458, 676, Proposal_Content, PENDING, Proposal_Title_FOR_TEST, 2
1459, 676, Proposal_Content, PENDING, Proposal_Title_FOR_TEST, 2
1460, 676, Proposal_Content, PENDING, Proposal_Title_FOR_TEST, 2
1461, 676, Proposal_Content, PENDING, Proposal_Title_FOR_TEST, 2
1462, 676, Proposal_Content, PENDING, Proposal_Title_FOR_TEST, 2
1463, 676, Proposal_Content, PENDING, Proposal_Title_FOR_TEST, 2
1464, 676, Proposal_Content, PENDING, Proposal_Title_FOR_TEST, 2
1465, 676, Proposal_Content, PENDING, Proposal_Title_FOR_TEST, 2
1466, 676, Proposal_Content, PENDING, Proposal_Title_FOR_TEST, 2
1467, 676, Proposal_Content, PENDING, Proposal_Title_FOR_TEST, 2
1468, 676, Proposal_Content, PENDING, Proposal_Title_FOR_TEST, 2
1469, 676, Proposal_Content, PENDING, Proposal_Title_FOR_TEST, 2
1470, 676, Proposal_Content, PENDING, Proposal_Title_FOR_TEST, 2
1471, 676, Proposal_Content, PENDING, Proposal_Title_FOR_TEST, 2
1472, 676, Proposal_Content, PENDING, Proposal_Title_FOR_TEST, 2
1473, 676, Proposal_Content, PENDING, Proposal_Title_FOR_TEST, 2
1474, 676, Proposal_Content, PENDING, Proposal_Title_FOR_TEST, 2
1475, 676, Proposal_Content, PENDING, Proposal_Title_FOR_TEST, 2
1476, 676, Proposal_Content, PENDING, Proposal_Title_FOR_TEST, 2
1477, 676, Proposal_Content, PENDING, Proposal_Title_FOR_TEST, 2
1478, 676, Proposal_Content, PENDING, Proposal_Title_FOR_TEST, 2
1479, 676, Proposal_Content, PENDING, Proposal_Title_FOR_TEST, 2
1480, 676, Proposal_Content, PENDING, Proposal_Title_FOR_TEST, 2
1481, 676, Proposal_Content, PENDING, Proposal_Title_FOR_TEST, 2
1482, 676, Proposal_Content, PENDING, Proposal_Title_FOR_TEST, 2
1483, 676, Proposal_Content, PENDING, Proposal_Title_FOR_TEST, 2
1484, 676, Proposal_Content, PENDING, Proposal_Title_FOR_TEST, 2
1485, 676, Proposal_Content, PENDING, Proposal_Title_FOR_TEST, 2
1486, 676, Proposal_Content, PENDING, Proposal_Title_FOR_TEST, 2
1487, 676, Proposal_Content, PENDING, Proposal_Title_FOR_TEST, 2
1488, 676, Proposal_Content, PENDING, Proposal_Title_FOR_TEST, 2
1489, 676, Proposal_Content, PENDING, Proposal_Title_FOR_TEST, 2
1490, 676, Proposal_Content, PENDING, Proposal_Title_FOR_TEST, 2
1491, 676, Proposal_Content, PENDING, Proposal_Title_FOR_TEST, 2
1492, 676, Proposal_Content, PENDING, Proposal_Title_FOR_TEST, 2
1493, 676, Proposal_Content, PENDING, Proposal_Title_FOR_TEST, 2
1494, 676, Proposal_Content, PENDING, Proposal_Title_FOR_TEST, 2
1495, 676, Proposal_Content, PENDING, Proposal_Title_FOR_TEST, 2
1496, 676, Proposal_Content, PENDING, Proposal_Title_FOR_TEST, 2
1497, 676, Proposal_Content, PENDING, Proposal_Title_FOR_TEST, 2
1498, 676, Proposal_Content, PENDING, Proposal_Title_FOR_TEST, 2
1499, 676, Proposal_Content, PENDING, Proposal_Title_FOR_TEST, 2
1500, 676, Proposal_Content, PENDING, Proposal_Title_FOR_TEST, 2
1501, 676, Proposal_Content, PENDING, Proposal_Title_FOR_TEST, 2
1502, 676, Proposal_Content, PENDING, Proposal_Title_FOR_TEST, 2
1503, 676, Proposal_Content, PENDING, Proposal_Title_FOR_TEST, 2
1504, 676, Proposal_Content, PENDING, Proposal_Title_FOR_TEST, 2
1505, 676, Proposal_Content, PENDING, Proposal_Title_FOR_TEST, 2
1506, 676, Proposal_Content, PENDING, Proposal_Title_FOR_TEST, 2
1507, 676, Proposal_Content, PENDING, Proposal_Title_FOR_TEST, 2
1508, 676, Proposal_Content, PENDING, Proposal_Title_FOR_TEST, 2
1509, 676, Proposal_Content, PENDING, Proposal_Title_FOR_TEST, 2
1510, 676, Proposal_Content, PENDING, Proposal_Title_FOR_TEST, 2
1511, 676, Proposal_Content, PENDING, Proposal_Title_FOR_TEST, 2
1512, 676, Proposal_Content, PENDING, Proposal_Title_FOR_TEST, 2
1513, 676, Proposal_Content, PENDING, Proposal_Title_FOR_TEST, 2
1514, 676, Proposal_Content, PENDING, Proposal_Title_FOR_TEST, 2
1515, 676, Proposal_Content, PENDING, Proposal_Title_FOR_TEST, 2
1516, 676, Proposal_Content, PENDING, Proposal_Title_FOR_TEST, 2
1517, 676, Proposal_Content, PENDING, Proposal_Title_FOR_TEST, 2
1518, 676, Proposal_Content, PENDING, Proposal_Title_FOR_TEST, 2
1519, 676, Proposal_Content, PENDING, Proposal_Title_FOR_TEST, 2
1520, 676, Proposal_Content, PENDING, Proposal_Title_FOR_TEST, 2
1521, 676, Proposal_Content, PENDING, Proposal_Title_FOR_TEST, 2
1522, 676, Proposal_Content, PENDING, Proposal_Title_FOR_TEST, 2
1523, 676, Proposal_Content, PENDING, Proposal_Title_FOR_TEST, 2
1524, 676, Proposal_Content, PENDING, Proposal_Title_FOR_TEST, 2
1525, 676, Proposal_Content, PENDING, Proposal_Title_FOR_TEST, 2
1526, 676, Proposal_Content, PENDING, Proposal_Title_FOR_TEST, 2
1527, 676, Proposal_Content, PENDING, Proposal_Title_FOR_TEST, 2
1528, 676, Proposal_Content, PENDING, Proposal_Title_FOR_TEST, 2
1529, 676, Proposal_Content, PENDING, Proposal_Title_FOR_TEST, 2
1530, 676, Proposal_Content, PENDING, Proposal_Title_FOR_TEST, 2
1531, 676, Proposal_Content, PENDING, Proposal_Title_FOR_TEST, 2
1532, 676, Proposal_Content, PENDING, Proposal_Title_FOR_TEST, 2
1533, 676, Proposal_Content, PENDING, Proposal_Title_FOR_TEST, 2
1534, 676, Proposal_Content, PENDING, Proposal_Title_FOR_TEST, 2
1535, 676, Proposal_Content, PENDING, Proposal_Title_FOR_TEST, 2
1536, 676, Proposal_Content, PENDING, Proposal_Title_FOR_TEST, 2
1537, 676, Proposal_Content, PENDING, Proposal_Title_FOR_TEST, 2
1538, 676, Proposal_Content, PENDING, Proposal_Title_FOR_TEST, 2
1539, 676, Proposal_Content, PENDING, Proposal_Title_FOR_TEST, 2
1540, 676, Proposal_Content, PENDING, Proposal_Title_FOR_TEST, 2
1541, 676, Proposal_Content, PENDING, Proposal_Title_FOR_TEST, 2
1542, 676, Proposal_Content, PENDING, Proposal_Title_FOR_TEST, 2
1543, 676, Proposal_Content, PENDING, Proposal_Title_FOR_TEST, 2
1544, 676, Proposal_Content, PENDING, Proposal_Title_FOR_TEST, 2
1545, 676, Proposal_Content, PENDING, Proposal_Title_FOR_TEST, 2
1546, 676, Proposal_Content, PENDING, Proposal_Title_FOR_TEST, 2
1547, 676, Proposal_Content, PENDING, Proposal_Title_FOR_TEST, 2
1548, 676, Proposal_Content, PENDING, Proposal_Title_FOR_TEST, 2
1549, 676, Proposal_Content, PENDING, Proposal_Title_FOR_TEST, 2
1550, 676, Proposal_Content, PENDING, Proposal_Title_FOR_TEST, 2
1551, 676, Proposal_Content, PENDING, Proposal_Title_FOR_TEST, 2
1552, 676, Proposal_Content, PENDING, Proposal_Title_FOR_TEST, 2
1553, 676, Proposal_Content, PENDING, Proposal_Title_FOR_TEST, 2
1554, 676, Proposal_Content, PENDING, Proposal_Title_FOR_TEST, 2
1555, 676, Proposal_Content, PENDING, Proposal_Title_FOR_TEST, 2
1556, 676, Proposal_Content, PENDING, Proposal_Title_FOR_TEST, 2
1557, 676, Proposal_Content, PENDING, Proposal_Title_FOR_TEST, 2
1558, 676, Proposal_Content, PENDING, Proposal_Title_FOR_TEST, 2
1559, 676, Proposal_Content, PENDING, Proposal_Title_FOR_TEST, 2
1560, 676, Proposal_Content, PENDING, Proposal_Title_FOR_TEST, 2
1561, 676, Proposal_Content, PENDING, Proposal_Title_FOR_TEST, 2
1562, 676, Proposal_Content, PENDING, Proposal_Title_FOR_TEST, 2
1563, 676, Proposal_Content, PENDING, Proposal_Title_FOR_TEST, 2
1564, 676, Proposal_Content, PENDING, Proposal_Title_FOR_TEST, 2
1565, 676, Proposal_Content, PENDING, Proposal_Title_FOR_TEST, 2
1566, 676, Proposal_Content, PENDING, Proposal_Title_FOR_TEST, 2
1567, 676, Proposal_Content, PENDING, Proposal_Title_FOR_TEST, 2
1568, 676, Proposal_Content, PENDING, Proposal_Title_FOR_TEST, 2
1569, 676, Proposal_Content, PENDING, Proposal_Title_FOR_TEST, 2
1570, 676, Proposal_Content, PENDING, Proposal_Title_FOR_TEST, 2
1571, 676, Proposal_Content, PENDING, Proposal_Title_FOR_TEST, 2
1572, 676, Proposal_Content, PENDING, Proposal_Title_FOR_TEST, 2
1573, 676, Proposal_Content, PENDING, Proposal_Title_FOR_TEST, 2
1574, 676, Proposal_Content, PENDING, Proposal_Title_FOR_TEST, 2
1575, 676, Proposal_Content, PENDING, Proposal_Title_FOR_TEST, 2
1576, 676, Proposal_Content, PENDING, Proposal_Title_FOR_TEST, 2
1577, 676, Proposal_Content, PENDING, Proposal_Title_FOR_TEST, 2
1578, 676, Proposal_Content, PENDING, Proposal_Title_FOR_TEST, 2
1579, 676, Proposal_Content, PENDING, Proposal_Title_FOR_TEST, 2
1580, 676, Proposal_Content, PENDING, Proposal_Title_FOR_TEST, 2
1581, 676, Proposal_Content, PENDING, Proposal_Title_FOR_TEST, 2
1582, 676, Proposal_Content, PENDING, Proposal_Title_FOR_TEST, 2
1583, 676, Proposal_Content, PENDING, Proposal_Title_FOR_TEST, 2
1584, 676, Proposal_Content, PENDING, Proposal_Title_FOR_TEST, 2
1585, 676, Proposal_Content, PENDING, Proposal_Title_FOR_TEST, 2
1586, 676, Proposal_Content, PENDING, Proposal_Title_FOR_TEST, 2
1587, 676, Proposal_Content, PENDING, Proposal_Title_FOR_TEST, 2
1588, 676, Proposal_Content, PENDING, Proposal_Title_FOR_TEST, 2
1589, 676, Proposal_Content, PENDING, Proposal_Title_FOR_TEST, 2
1590, 676, Proposal_Content, PENDING, Proposal_Title_FOR_TEST, 2
1591, 676, Proposal_Content, PENDING, Proposal_Title_FOR_TEST, 2
1592, 676, Proposal_Content, PENDING, Proposal_Title_FOR_TEST, 2
1593, 676, Proposal_Content, PENDING, Proposal_Title_FOR_TEST, 2
1594, 676, Proposal_Content, PENDING, Proposal_Title_FOR_TEST, 2
1595, 676, Proposal_Content, PENDING, Proposal_Title_FOR_TEST, 2
1596, 676, Proposal_Content, PENDING, Proposal_Title_FOR_TEST, 2
1597, 676, Proposal_Content, PENDING, Proposal_Title_FOR_TEST, 2
1598, 676, Proposal_Content, PENDING, Proposal_Title_FOR_TEST, 2
1599, 676, Proposal_Content, PENDING, Proposal_Title_FOR_TEST, 2
1600, 676, Proposal_Content, PENDING, Proposal_Title_FOR_TEST, 2
1601, 676, Proposal_Content, PENDING, Proposal_Title_FOR_TEST, 2
1602, 676, Proposal_Content, PENDING, Proposal_Title_FOR_TEST, 2
1603, 676, Proposal_Content, PENDING, Proposal_Title_FOR_TEST, 2
1604, 676, Proposal_Content, PENDING, Proposal_Title_FOR_TEST, 2
1605, 676, Proposal_Content, PENDING, Proposal_Title_FOR_TEST, 2
1606, 676, Proposal_Content, PENDING, Proposal_Title_FOR_TEST, 2
1607, 676, Proposal_Content, PENDING, Proposal_Title_FOR_TEST, 2
1608, 676, Proposal_Content, PENDING, Proposal_Title_FOR_TEST, 2
1609, 676, Proposal_Content, PENDING, Proposal_Title_FOR_TEST, 2
1610, 676, Proposal_Content, PENDING, Proposal_Title_FOR_TEST, 2
1611, 676, Proposal_Content, PENDING, Proposal_Title_FOR_TEST, 2
1612, 676, Proposal_Content, PENDING, Proposal_Title_FOR_TEST, 2
1613, 676, Proposal_Content, PENDING, Proposal_Title_FOR_TEST, 2
1614, 676, Proposal_Content, PENDING, Proposal_Title_FOR_TEST, 2
1615, 676, Proposal_Content, PENDING, Proposal_Title_FOR_TEST, 2
1616, 676, Proposal_Content, PENDING, Proposal_Title_FOR_TEST, 2
1617, 676, Proposal_Content, PENDING, Proposal_Title_FOR_TEST, 2
1618, 676, Proposal_Content, PENDING, Proposal_Title_FOR_TEST, 2
1619, 676, Proposal_Content, PENDING, Proposal_Title_FOR_TEST, 2
1620, 676, Proposal_Content, PENDING, Proposal_Title_FOR_TEST, 2
1621, 676, Proposal_Content, PENDING, Proposal_Title_FOR_TEST, 2
1622, 676, Proposal_Content, PENDING, Proposal_Title_FOR_TEST, 2
1623, 676, Proposal_Content, PENDING, Proposal_Title_FOR_TEST, 2
1624, 676, Proposal_Content, PENDING, Proposal_Title_FOR_TEST, 2
1625, 676, Proposal_Content, PENDING, Proposal_Title_FOR_TEST, 2
1626, 676, Proposal_Content, PENDING, Proposal_Title_FOR_TEST, 2
1627, 676, Proposal_Content, PENDING, Proposal_Title_FOR_TEST, 2
1628, 676, Proposal_Content, PENDING, Proposal_Title_FOR_TEST, 2
1629, 676, Proposal_Content, PENDING, Proposal_Title_FOR_TEST, 2
1630, 676, Proposal_Content, PENDING, Proposal_Title_FOR_TEST, 2
1631, 676, Proposal_Content, PENDING, Proposal_Title_FOR_TEST, 2
1632, 676, Proposal_Content, PENDING, Proposal_Title_FOR_TEST, 2
1633, 676, Proposal_Content, PENDING, Proposal_Title_FOR_TEST, 2
1634, 676, Proposal_Content, PENDING, Proposal_Title_FOR_TEST, 2
1635, 676, Proposal_Content, PENDING, Proposal_Title_FOR_TEST, 2
1636, 676, Proposal_Content, PENDING, Proposal_Title_FOR_TEST, 2
1637, 676, Proposal_Content, PENDING, Proposal_Title_FOR_TEST, 2
1638, 676, Proposal_Content, PENDING, Proposal_Title_FOR_TEST, 2
1639, 676, Proposal_Content, PENDING, Proposal_Title_FOR_TEST, 2
1640, 676, Proposal_Content, PENDING, Proposal_Title_FOR_TEST, 2
1641, 676, Proposal_Content, PENDING, Proposal_Title_FOR_TEST, 2
1642, 676, Proposal_Content, PENDING, Proposal_Title_FOR_TEST, 2
1643, 676, Proposal_Content, PENDING, Proposal_Title_FOR_TEST, 2
1644, 676, Proposal_Content, PENDING, Proposal_Title_FOR_TEST, 2
1645, 676, Proposal_Content, PENDING, Proposal_Title_FOR_TEST, 2
1646, 676, Proposal_Content, PENDING, Proposal_Title_FOR_TEST, 2
1647, 676, Proposal_Content, PENDING, Proposal_Title_FOR_TEST, 2
1648, 676, Proposal_Content, PENDING, Proposal_Title_FOR_TEST, 2
1649, 676, Proposal_Content, PENDING, Proposal_Title_FOR_TEST, 2
1650, 676, Proposal_Content, PENDING, Proposal_Title_FOR_TEST, 2
1651, 676, Proposal_Content, PENDING, Proposal_Title_FOR_TEST, 2
1652, 676, Proposal_Content, PENDING, Proposal_Title_FOR_TEST, 2
1653, 676, Proposal_Content, PENDING, Proposal_Title_FOR_TEST, 2
1654, 676, Proposal_Content, PENDING, Proposal_Title_FOR_TEST, 2
1655, 676, Proposal_Content, PENDING, Proposal_Title_FOR_TEST, 2
1656, 676, Proposal_Content, PENDING, Proposal_Title_FOR_TEST, 2
1657, 676, Proposal_Content, PENDING, Proposal_Title_FOR_TEST, 2
1658, 676, Proposal_Content, PENDING, Proposal_Title_FOR_TEST, 2
1659, 676, Proposal_Content, PENDING, Proposal_Title_FOR_TEST, 2
1660, 676, Proposal_Content, PENDING, Proposal_Title_FOR_TEST, 2
1661, 676, Proposal_Content, PENDING, Proposal_Title_FOR_TEST, 2
1662, 676, Proposal_Content, PENDING, Proposal_Title_FOR_TEST, 2
1663, 676, Proposal_Content, PENDING, Proposal_Title_FOR_TEST, 2
1664, 676, Proposal_Content, PENDING, Proposal_Title_FOR_TEST, 2
1665, 676, Proposal_Content, PENDING, Proposal_Title_FOR_TEST, 2
1666, 676, Proposal_Content, PENDING, Proposal_Title_FOR_TEST, 2
1667, 676, Proposal_Content, PENDING, Proposal_Title_FOR_TEST, 2
1668, 676, Proposal_Content, PENDING, Proposal_Title_FOR_TEST, 2
1669, 676, Proposal_Content, PENDING, Proposal_Title_FOR_TEST, 2
1670, 676, Proposal_Content, PENDING, Proposal_Title_FOR_TEST, 2
1671, 676, Proposal_Content, PENDING, Proposal_Title_FOR_TEST, 2
1672, 676, Proposal_Content, PENDING, Proposal_Title_FOR_TEST, 2
1673, 676, Proposal_Content, PENDING, Proposal_Title_FOR_TEST, 2
1674, 676, Proposal_Content, PENDING, Proposal_Title_FOR_TEST, 2
1675, 676, Proposal_Content, PENDING, Proposal_Title_FOR_TEST, 2
1676, 676, Proposal_Content, PENDING, Proposal_Title_FOR_TEST, 2
1677, 676, Proposal_Content, PENDING, Proposal_Title_FOR_TEST, 2
1678, 676, Proposal_Content, PENDING, Proposal_Title_FOR_TEST, 2
1679, 676, Proposal_Content, PENDING, Proposal_Title_FOR_TEST, 2
1680, 676, Proposal_Content, PENDING, Proposal_Title_FOR_TEST, 2
1681, 676, Proposal_Content, PENDING, Proposal_Title_FOR_TEST, 2
1682, 676, Proposal_Content, PENDING, Proposal_Title_FOR_TEST, 2
1683, 676, Proposal_Content, PENDING, Proposal_Title_FOR_TEST, 2
1684, 676, Proposal_Content, PENDING, Proposal_Title_FOR_TEST, 2
1685, 676, Proposal_Content, PENDING, Proposal_Title_FOR_TEST, 2
1686, 676, Proposal_Content, PENDING, Proposal_Title_FOR_TEST, 2
1687, 676, Proposal_Content, PENDING, Proposal_Title_FOR_TEST, 2
1688, 676, Proposal_Content, PENDING, Proposal_Title_FOR_TEST, 2
1689, 676, Proposal_Content, PENDING, Proposal_Title_FOR_TEST, 2
1690, 676, Proposal_Content, PENDING, Proposal_Title_FOR_TEST, 2
1691, 676, Proposal_Content, PENDING, Proposal_Title_FOR_TEST, 2
1692, 676, Proposal_Content, PENDING, Proposal_Title_FOR_TEST, 2
1693, 676, Proposal_Content, PENDING, Proposal_Title_FOR_TEST, 2
1694, 676, Proposal_Content, PENDING, Proposal_Title_FOR_TEST, 2
1695, 676, Proposal_Content, PENDING, Proposal_Title_FOR_TEST, 2
1696, 676, Proposal_Content, PENDING, Proposal_Title_FOR_TEST, 2
1697, 676, Proposal_Content, PENDING, Proposal_Title_FOR_TEST, 2
1698, 676, Proposal_Content, PENDING, Proposal_Title_FOR_TEST, 2
1699, 676, Proposal_Content, PENDING, Proposal_Title_FOR_TEST, 2
1700, 676, Proposal_Content, PENDING, Proposal_Title_FOR_TEST, 2
1701, 676, Proposal_Content, PENDING, Proposal_Title_FOR_TEST, 2
1702, 676, Proposal_Content, PENDING, Proposal_Title_FOR_TEST, 2
1703, 676, Proposal_Content, PENDING, Proposal_Title_FOR_TEST, 2
1704, 676, Proposal_Content, PENDING, Proposal_Title_FOR_TEST, 2
1705, 676, Proposal_Content, PENDING, Proposal_Title_FOR_TEST, 2
1706, 676, Proposal_Content, PENDING, Proposal_Title_FOR_TEST, 2
1707, 676, Proposal_Content, PENDING, Proposal_Title_FOR_TEST, 2
1708, 676, Proposal_Content, PENDING, Proposal_Title_FOR_TEST, 2
1709, 676, Proposal_Content, PENDING, Proposal_Title_FOR_TEST, 2
1710, 676, Proposal_Content, PENDING, Proposal_Title_FOR_TEST, 2
1711, 676, Proposal_Content, PENDING, Proposal_Title_FOR_TEST, 2
1712, 676, Proposal_Content, PENDING, Proposal_Title_FOR_TEST, 2
1713, 676, Proposal_Content, PENDING, Proposal_Title_FOR_TEST, 2
1714, 676, Proposal_Content, PENDING, Proposal_Title_FOR_TEST, 2
1715, 676, Proposal_Content, PENDING, Proposal_Title_FOR_TEST, 2
1716, 676, Proposal_Content, PENDING, Proposal_Title_FOR_TEST, 2
1717, 676, Proposal_Content, PENDING, Proposal_Title_FOR_TEST, 2
1718, 676, Proposal_Content, PENDING, Proposal_Title_FOR_TEST, 2
1719, 676, Proposal_Content, PENDING, Proposal_Title_FOR_TEST, 2
1720, 676, Proposal_Content, PENDING, Proposal_Title_FOR_TEST, 2
1721, 676, Proposal_Content, PENDING, Proposal_Title_FOR_TEST, 2
1722, 676, Proposal_Content, PENDING, Proposal_Title_FOR_TEST, 2
1723, 676, Proposal_Content, PENDING, Proposal_Title_FOR_TEST, 2
1724, 676, Proposal_Content, PENDING, Proposal_Title_FOR_TEST, 2
1725, 676, Proposal_Content, PENDING, Proposal_Title_FOR_TEST, 2
1726, 676, Proposal_Content, PENDING, Proposal_Title_FOR_TEST, 2
1727, 676, Proposal_Content, PENDING, Proposal_Title_FOR_TEST, 2
1728, 676, Proposal_Content, PENDING, Proposal_Title_FOR_TEST, 2
1729, 676, Proposal_Content, PENDING, Proposal_Title_FOR_TEST, 2
1730, 676, Proposal_Content, PENDING, Proposal_Title_FOR_TEST, 2
1731, 676, Proposal_Content, PENDING, Proposal_Title_FOR_TEST, 2
1732, 676, Proposal_Content, PENDING, Proposal_Title_FOR_TEST, 2
1733, 676, Proposal_Content, PENDING, Proposal_Title_FOR_TEST, 2
1734, 676, Proposal_Content, PENDING, Proposal_Title_FOR_TEST, 2
1735, 676, Proposal_Content, PENDING, Proposal_Title_FOR_TEST, 2
1736, 676, Proposal_Content, PENDING, Proposal_Title_FOR_TEST, 2
1737, 676, Proposal_Content, PENDING, Proposal_Title_FOR_TEST, 2
1738, 676, Proposal_Content, PENDING, Proposal_Title_FOR_TEST, 2
1739, 676, Proposal_Content, PENDING, Proposal_Title_FOR_TEST, 2
1740, 676, Proposal_Content, PENDING, Proposal_Title_FOR_TEST, 2
1741, 676, Proposal_Content, PENDING, Proposal_Title_FOR_TEST, 2
1742, 676, Proposal_Content, PENDING, Proposal_Title_FOR_TEST, 2
1743, 676, Proposal_Content, PENDING, Proposal_Title_FOR_TEST, 2
1744, 676, Proposal_Content, PENDING, Proposal_Title_FOR_TEST, 2
1745, 676, Proposal_Content, PENDING, Proposal_Title_FOR_TEST, 2
1746, 676, Proposal_Content, PENDING, Proposal_Title_FOR_TEST, 2
1747, 676, Proposal_Content, PENDING, Proposal_Title_FOR_TEST, 2
1748, 676, Proposal_Content, PENDING, Proposal_Title_FOR_TEST, 2
1749, 676, Proposal_Content, PENDING, Proposal_Title_FOR_TEST, 2
1750, 676, Proposal_Content, PENDING, Proposal_Title_FOR_TEST, 2
1751, 676, Proposal_Content, PENDING, Proposal_Title_FOR_TEST, 2
1752, 676, Proposal_Content, PENDING, Proposal_Title_FOR_TEST, 2
1753, 676, Proposal_Content, PENDING, Proposal_Title_FOR_TEST, 2
1754, 676, Proposal_Content, PENDING, Proposal_Title_FOR_TEST, 2
1755, 676, Proposal_Content, PENDING, Proposal_Title_FOR_TEST, 2
1756, 676, Proposal_Content, PENDING, Proposal_Title_FOR_TEST, 2
1757, 676, Proposal_Content, PENDING, Proposal_Title_FOR_TEST, 2
1758, 676, Proposal_Content, PENDING, Proposal_Title_FOR_TEST, 2
1759, 676, Proposal_Content, PENDING, Proposal_Title_FOR_TEST, 2
1760, 676, Proposal_Content, PENDING, Proposal_Title_FOR_TEST, 2
1761, 676, Proposal_Content, PENDING, Proposal_Title_FOR_TEST, 2
1762, 676, Proposal_Content, PENDING, Proposal_Title_FOR_TEST, 2
1763, 676, Proposal_Content, PENDING, Proposal_Title_FOR_TEST, 2
1764, 676, Proposal_Content, PENDING, Proposal_Title_FOR_TEST, 2
1765, 676, Proposal_Content, PENDING, Proposal_Title_FOR_TEST, 2
1766, 676, Proposal_Content, PENDING, Proposal_Title_FOR_TEST, 2
1767, 676, Proposal_Content, PENDING, Proposal_Title_FOR_TEST, 2
1768, 676, Proposal_Content, PENDING, Proposal_Title_FOR_TEST, 2
1769, 676, Proposal_Content, PENDING, Proposal_Title_FOR_TEST, 2
1770, 676, Proposal_Content, PENDING, Proposal_Title_FOR_TEST, 2
1771, 676, Proposal_Content, PENDING, Proposal_Title_FOR_TEST, 2
1772, 676, Proposal_Content, PENDING, Proposal_Title_FOR_TEST, 2
1773, 676, Proposal_Content, PENDING, Proposal_Title_FOR_TEST, 2
1774, 676, Proposal_Content, PENDING, Proposal_Title_FOR_TEST, 2
1775, 676, Proposal_Content, PENDING, Proposal_Title_FOR_TEST, 2
1776, 676, Proposal_Content, PENDING, Proposal_Title_FOR_TEST, 2
1777, 676, Proposal_Content, PENDING, Proposal_Title_FOR_TEST, 2
1778, 676, Proposal_Content, PENDING, Proposal_Title_FOR_TEST, 2
1779, 676, Proposal_Content, PENDING, Proposal_Title_FOR_TEST, 2
1780, 676, Proposal_Content, PENDING, Proposal_Title_FOR_TEST, 2
1781, 676, Proposal_Content, PENDING, Proposal_Title_FOR_TEST, 2
1782, 676, Proposal_Content, PENDING, Proposal_Title_FOR_TEST, 2
1783, 676, Proposal_Content, PENDING, Proposal_Title_FOR_TEST, 2
1784, 676, Proposal_Content, PENDING, Proposal_Title_FOR_TEST, 2
1785, 676, Proposal_Content, PENDING, Proposal_Title_FOR_TEST, 2
1786, 676, Proposal_Content, PENDING, Proposal_Title_FOR_TEST, 2
1787, 676, Proposal_Content, PENDING, Proposal_Title_FOR_TEST, 2
1788, 676, Proposal_Content, PENDING, Proposal_Title_FOR_TEST, 2
1789, 676, Proposal_Content, PENDING, Proposal_Title_FOR_TEST, 2
1790, 676, Proposal_Content, PENDING, Proposal_Title_FOR_TEST, 2
1791, 676, Proposal_Content, PENDING, Proposal_Title_FOR_TEST, 2
1792, 676, Proposal_Content, PENDING, Proposal_Title_FOR_TEST, 2
1793, 676, Proposal_Content, PENDING, Proposal_Title_FOR_TEST, 2
1794, 676, Proposal_Content, PENDING, Proposal_Title_FOR_TEST, 2
1795, 676, Proposal_Content, PENDING, Proposal_Title_FOR_TEST, 2
1796, 676, Proposal_Content, PENDING, Proposal_Title_FOR_TEST, 2
1797, 676, Proposal_Content, PENDING, Proposal_Title_FOR_TEST, 2
1798, 676, Proposal_Content, PENDING, Proposal_Title_FOR_TEST, 2
1799, 676, Proposal_Content, PENDING, Proposal_Title_FOR_TEST, 2
1800, 676, Proposal_Content, PENDING, Proposal_Title_FOR_TEST, 2
1801, 676, Proposal_Content, PENDING, Proposal_Title_FOR_TEST, 2
1802, 676, Proposal_Content, PENDING, Proposal_Title_FOR_TEST, 2
1803, 676, Proposal_Content, PENDING, Proposal_Title_FOR_TEST, 2
1804, 676, Proposal_Content, PENDING, Proposal_Title_FOR_TEST, 2
1805, 676, Proposal_Content, PENDING, Proposal_Title_FOR_TEST, 2
1806, 676, Proposal_Content, PENDING, Proposal_Title_FOR_TEST, 2
1807, 676, Proposal_Content, PENDING, Proposal_Title_FOR_TEST, 2
1808, 676, Proposal_Content, PENDING, Proposal_Title_FOR_TEST, 2
1809, 676, Proposal_Content, PENDING, Proposal_Title_FOR_TEST, 2
1810, 676, Proposal_Content, PENDING, Proposal_Title_FOR_TEST, 2
1811, 676, Proposal_Content, PENDING, Proposal_Title_FOR_TEST, 2
1812, 676, Proposal_Content, PENDING, Proposal_Title_FOR_TEST, 2
1813, 676, Proposal_Content, PENDING, Proposal_Title_FOR_TEST, 2
1814, 676, Proposal_Content, PENDING, Proposal_Title_FOR_TEST, 2
1815, 676, Proposal_Content, PENDING, Proposal_Title_FOR_TEST, 2
1816, 676, Proposal_Content, PENDING, Proposal_Title_FOR_TEST, 2
1817, 676, Proposal_Content, PENDING, Proposal_Title_FOR_TEST, 2
1818, 676, Proposal_Content, PENDING, Proposal_Title_FOR_TEST, 2
1819, 676, Proposal_Content, PENDING, Proposal_Title_FOR_TEST, 2
1820, 676, Proposal_Content, PENDING, Proposal_Title_FOR_TEST, 2
1821, 676, Proposal_Content, PENDING, Proposal_Title_FOR_TEST, 2
1822, 676, Proposal_Content, PENDING, Proposal_Title_FOR_TEST, 2
1823, 676, Proposal_Content, PENDING, Proposal_Title_FOR_TEST, 2
1824, 676, Proposal_Content, PENDING, Proposal_Title_FOR_TEST, 2
1825, 676, Proposal_Content, PENDING, Proposal_Title_FOR_TEST, 2
1826, 676, Proposal_Content, PENDING, Proposal_Title_FOR_TEST, 2
1827, 676, Proposal_Content, PENDING, Proposal_Title_FOR_TEST, 2
1828, 676, Proposal_Content, PENDING, Proposal_Title_FOR_TEST, 2
1829, 676, Proposal_Content, PENDING, Proposal_Title_FOR_TEST, 2
1830, 676, Proposal_Content, PENDING, Proposal_Title_FOR_TEST, 2
1831, 676, Proposal_Content, PENDING, Proposal_Title_FOR_TEST, 2
1832, 676, Proposal_Content, PENDING, Proposal_Title_FOR_TEST, 2
1833, 676, Proposal_Content, PENDING, Proposal_Title_FOR_TEST, 2
1834, 676, Proposal_Content, PENDING, Proposal_Title_FOR_TEST, 2
1835, 676, Proposal_Content, PENDING, Proposal_Title_FOR_TEST, 2
1836, 676, Proposal_Content, PENDING, Proposal_Title_FOR_TEST, 2
1837, 676, Proposal_Content, PENDING, Proposal_Title_FOR_TEST, 2
1838, 676, Proposal_Content, PENDING, Proposal_Title_FOR_TEST, 2
1839, 676, Proposal_Content, PENDING, Proposal_Title_FOR_TEST, 2
1840, 676, Proposal_Content, PENDING, Proposal_Title_FOR_TEST, 2
1841, 676, Proposal_Content, PENDING, Proposal_Title_FOR_TEST, 2
1842, 676, Proposal_Content, PENDING, Proposal_Title_FOR_TEST, 2
1843, 676, Proposal_Content, PENDING, Proposal_Title_FOR_TEST, 2
1844, 676, Proposal_Content, PENDING, Proposal_Title_FOR_TEST, 2
1845, 676, Proposal_Content, PENDING, Proposal_Title_FOR_TEST, 2
1846, 676, Proposal_Content, PENDING, Proposal_Title_FOR_TEST, 2
1847, 676, Proposal_Content, PENDING, Proposal_Title_FOR_TEST, 2
1848, 676, Proposal_Content, PENDING, Proposal_Title_FOR_TEST, 2
1849, 676, Proposal_Content, PENDING, Proposal_Title_FOR_TEST, 2
1850, 676, Proposal_Content, PENDING, Proposal_Title_FOR_TEST, 2
1851, 676, Proposal_Content, PENDING, Proposal_Title_FOR_TEST, 2
1852, 676, Proposal_Content, PENDING, Proposal_Title_FOR_TEST, 2
1853, 676, Proposal_Content, PENDING, Proposal_Title_FOR_TEST, 2
1854, 676, Proposal_Content, PENDING, Proposal_Title_FOR_TEST, 2
1855, 676, Proposal_Content, PENDING, Proposal_Title_FOR_TEST, 2
1856, 676, Proposal_Content, PENDING, Proposal_Title_FOR_TEST, 2
1857, 676, Proposal_Content, PENDING, Proposal_Title_FOR_TEST, 2
1858, 676, Proposal_Content, PENDING, Proposal_Title_FOR_TEST, 2
1859, 676, Proposal_Content, PENDING, Proposal_Title_FOR_TEST, 2
1860, 676, Proposal_Content, PENDING, Proposal_Title_FOR_TEST, 2
1861, 676, Proposal_Content, PENDING, Proposal_Title_FOR_TEST, 2
1862, 676, Proposal_Content, PENDING, Proposal_Title_FOR_TEST, 2
1863, 676, Proposal_Content, PENDING, Proposal_Title_FOR_TEST, 2
1864, 676, Proposal_Content, PENDING, Proposal_Title_FOR_TEST, 2
1865, 676, Proposal_Content, PENDING, Proposal_Title_FOR_TEST, 2
1866, 676, Proposal_Content, PENDING, Proposal_Title_FOR_TEST, 2
1867, 676, Proposal_Content, PENDING, Proposal_Title_FOR_TEST, 2
1868, 676, Proposal_Content, PENDING, Proposal_Title_FOR_TEST, 2
1869, 676, Proposal_Content, PENDING, Proposal_Title_FOR_TEST, 2
1870, 676, Proposal_Content, PENDING, Proposal_Title_FOR_TEST, 2
1871, 676, Proposal_Content, PENDING, Proposal_Title_FOR_TEST, 2
1872, 676, Proposal_Content, PENDING, Proposal_Title_FOR_TEST, 2
1873, 676, Proposal_Content, PENDING, Proposal_Title_FOR_TEST, 2
1874, 676, Proposal_Content, PENDING, Proposal_Title_FOR_TEST, 2
1875, 676, Proposal_Content, PENDING, Proposal_Title_FOR_TEST, 2
1876, 676, Proposal_Content, PENDING, Proposal_Title_FOR_TEST, 2
1877, 676, Proposal_Content, PENDING, Proposal_Title_FOR_TEST, 2
1878, 676, Proposal_Content, PENDING, Proposal_Title_FOR_TEST, 2
1879, 676, Proposal_Content, PENDING, Proposal_Title_FOR_TEST, 2
1880, 676, Proposal_Content, PENDING, Proposal_Title_FOR_TEST, 2
1881, 676, Proposal_Content, PENDING, Proposal_Title_FOR_TEST, 2
1882, 676, Proposal_Content, PENDING, Proposal_Title_FOR_TEST, 2
1883, 676, Proposal_Content, PENDING, Proposal_Title_FOR_TEST, 2
1884, 676, Proposal_Content, PENDING, Proposal_Title_FOR_TEST, 2
1885, 676, Proposal_Content, PENDING, Proposal_Title_FOR_TEST, 2
1886, 676, Proposal_Content, PENDING, Proposal_Title_FOR_TEST, 2
1887, 676, Proposal_Content, PENDING, Proposal_Title_FOR_TEST, 2
1888, 676, Proposal_Content, PENDING, Proposal_Title_FOR_TEST, 2
1889, 676, Proposal_Content, PENDING, Proposal_Title_FOR_TEST, 2
1890, 676, Proposal_Content, PENDING, Proposal_Title_FOR_TEST, 2
1891, 676, Proposal_Content, PENDING, Proposal_Title_FOR_TEST, 2
1892, 676, Proposal_Content, PENDING, Proposal_Title_FOR_TEST, 2
1893, 676, Proposal_Content, PENDING, Proposal_Title_FOR_TEST, 2
1894, 676, Proposal_Content, PENDING, Proposal_Title_FOR_TEST, 2
1895, 676, Proposal_Content, PENDING, Proposal_Title_FOR_TEST, 2
1896, 676, Proposal_Content, PENDING, Proposal_Title_FOR_TEST, 2
1897, 676, Proposal_Content, PENDING, Proposal_Title_FOR_TEST, 2
1898, 676, Proposal_Content, PENDING, Proposal_Title_FOR_TEST, 2
1899, 676, Proposal_Content, PENDING, Proposal_Title_FOR_TEST, 2
1900, 676, Proposal_Content, PENDING, Proposal_Title_FOR_TEST, 2
1901, 676, Proposal_Content, PENDING, Proposal_Title_FOR_TEST, 2
1902, 676, Proposal_Content, PENDING, Proposal_Title_FOR_TEST, 2
1903, 676, Proposal_Content, PENDING, Proposal_Title_FOR_TEST, 2
1904, 676, Proposal_Content, PENDING, Proposal_Title_FOR_TEST, 2
1905, 676, Proposal_Content, PENDING, Proposal_Title_FOR_TEST, 2
1906, 676, Proposal_Content, PENDING, Proposal_Title_FOR_TEST, 2
1907, 676, Proposal_Content, PENDING, Proposal_Title_FOR_TEST, 2
1908, 676, Proposal_Content, PENDING, Proposal_Title_FOR_TEST, 2
1909, 676, Proposal_Content, PENDING, Proposal_Title_FOR_TEST, 2
1910, 676, Proposal_Content, PENDING, Proposal_Title_FOR_TEST, 2
1911, 676, Proposal_Content, PENDING, Proposal_Title_FOR_TEST, 2
1912, 676, Proposal_Content, PENDING, Proposal_Title_FOR_TEST, 2
1913, 676, Proposal_Content, PENDING, Proposal_Title_FOR_TEST, 2
1914, 676, Proposal_Content, PENDING, Proposal_Title_FOR_TEST, 2
1915, 676, Proposal_Content, PENDING, Proposal_Title_FOR_TEST, 2
1916, 676, Proposal_Content, PENDING, Proposal_Title_FOR_TEST, 2
1917, 676, Proposal_Content, PENDING, Proposal_Title_FOR_TEST, 2
1918, 676, Proposal_Content, PENDING, Proposal_Title_FOR_TEST, 2
1919, 676, Proposal_Content, PENDING, Proposal_Title_FOR_TEST, 2
1920, 676, Proposal_Content, PENDING, Proposal_Title_FOR_TEST, 2
1921, 676, Proposal_Content, PENDING, Proposal_Title_FOR_TEST, 2
1922, 676, Proposal_Content, PENDING, Proposal_Title_FOR_TEST, 2
1923, 676, Proposal_Content, PENDING, Proposal_Title_FOR_TEST, 2
1924, 676, Proposal_Content, PENDING, Proposal_Title_FOR_TEST, 2
1925, 676, Proposal_Content, PENDING, Proposal_Title_FOR_TEST, 2
1926, 676, Proposal_Content, PENDING, Proposal_Title_FOR_TEST, 2
1927, 676, Proposal_Content, PENDING, Proposal_Title_FOR_TEST, 2
1928, 676, Proposal_Content, PENDING, Proposal_Title_FOR_TEST, 2
1929, 676, Proposal_Content, PENDING, Proposal_Title_FOR_TEST, 2
1930, 676, Proposal_Content, PENDING, Proposal_Title_FOR_TEST, 2
1931, 676, Proposal_Content, PENDING, Proposal_Title_FOR_TEST, 2
1932, 676, Proposal_Content, PENDING, Proposal_Title_FOR_TEST, 2
1933, 676, Proposal_Content, PENDING, Proposal_Title_FOR_TEST, 2
1934, 676, Proposal_Content, PENDING, Proposal_Title_FOR_TEST, 2
1935, 676, Proposal_Content, PENDING, Proposal_Title_FOR_TEST, 2
1936, 676, Proposal_Content, PENDING, Proposal_Title_FOR_TEST, 2
1937, 676, Proposal_Content, PENDING, Proposal_Title_FOR_TEST, 2
1938, 676, Proposal_Content, PENDING, Proposal_Title_FOR_TEST, 2
1939, 676, Proposal_Content, PENDING, Proposal_Title_FOR_TEST, 2
1940, 676, Proposal_Content, PENDING, Proposal_Title_FOR_TEST, 2
1941, 676, Proposal_Content, PENDING, Proposal_Title_FOR_TEST, 2
1942, 676, Proposal_Content, PENDING, Proposal_Title_FOR_TEST, 2
1943, 676, Proposal_Content, PENDING, Proposal_Title_FOR_TEST, 2
1944, 676, Proposal_Content, PENDING, Proposal_Title_FOR_TEST, 2
1945, 676, Proposal_Content, PENDING, Proposal_Title_FOR_TEST, 2
1946, 676, Proposal_Content, PENDING, Proposal_Title_FOR_TEST, 2
1947, 676, Proposal_Content, PENDING, Proposal_Title_FOR_TEST, 2
1948, 676, Proposal_Content, PENDING, Proposal_Title_FOR_TEST, 2
1949, 676, Proposal_Content, PENDING, Proposal_Title_FOR_TEST, 2
1950, 676, Proposal_Content, PENDING, Proposal_Title_FOR_TEST, 2
1951, 676, Proposal_Content, PENDING, Proposal_Title_FOR_TEST, 2
1952, 676, Proposal_Content, PENDING, Proposal_Title_FOR_TEST, 2
1953, 676, Proposal_Content, PENDING, Proposal_Title_FOR_TEST, 2
1954, 676, Proposal_Content, PENDING, Proposal_Title_FOR_TEST, 2
1955, 676, Proposal_Content, PENDING, Proposal_Title_FOR_TEST, 2
1956, 676, Proposal_Content, PENDING, Proposal_Title_FOR_TEST, 2
1957, 676, Proposal_Content, PENDING, Proposal_Title_FOR_TEST, 2
1958, 676, Proposal_Content, PENDING, Proposal_Title_FOR_TEST, 2
1959, 676, Proposal_Content, PENDING, Proposal_Title_FOR_TEST, 2
1960, 676, Proposal_Content, PENDING, Proposal_Title_FOR_TEST, 2
1961, 676, Proposal_Content, PENDING, Proposal_Title_FOR_TEST, 2
1962, 676, Proposal_Content, PENDING, Proposal_Title_FOR_TEST, 2
1963, 676, Proposal_Content, PENDING, Proposal_Title_FOR_TEST, 2
1964, 676, Proposal_Content, PENDING, Proposal_Title_FOR_TEST, 2
1965, 676, Proposal_Content, PENDING, Proposal_Title_FOR_TEST, 2
1966, 676, Proposal_Content, PENDING, Proposal_Title_FOR_TEST, 2
1967, 676, Proposal_Content, PENDING, Proposal_Title_FOR_TEST, 2
1968, 676, Proposal_Content, PENDING, Proposal_Title_FOR_TEST, 2
1969, 676, Proposal_Content, PENDING, Proposal_Title_FOR_TEST, 2
1970, 676, Proposal_Content, PENDING, Proposal_Title_FOR_TEST, 2
1971, 676, Proposal_Content, PENDING, Proposal_Title_FOR_TEST, 2
1972, 676, Proposal_Content, PENDING, Proposal_Title_FOR_TEST, 2
1973, 676, Proposal_Content, PENDING, Proposal_Title_FOR_TEST, 2
1974, 676, Proposal_Content, PENDING, Proposal_Title_FOR_TEST, 2
1975, 676, Proposal_Content, PENDING, Proposal_Title_FOR_TEST, 2
1976, 676, Proposal_Content, PENDING, Proposal_Title_FOR_TEST, 2
1977, 676, Proposal_Content, PENDING, Proposal_Title_FOR_TEST, 2
1978, 676, Proposal_Content, PENDING, Proposal_Title_FOR_TEST, 2
1979, 676, Proposal_Content, PENDING, Proposal_Title_FOR_TEST, 2
1980, 676, Proposal_Content, PENDING, Proposal_Title_FOR_TEST, 2
1981, 676, Proposal_Content, PENDING, Proposal_Title_FOR_TEST, 2
1982, 676, Proposal_Content, PENDING, Proposal_Title_FOR_TEST, 2
1983, 676, Proposal_Content, PENDING, Proposal_Title_FOR_TEST, 2
1984, 676, Proposal_Content, PENDING, Proposal_Title_FOR_TEST, 2
1985, 676, Proposal_Content, PENDING, Proposal_Title_FOR_TEST, 2
1986, 676, Proposal_Content, PENDING, Proposal_Title_FOR_TEST, 2
1987, 676, Proposal_Content, PENDING, Proposal_Title_FOR_TEST, 2
1988, 676, Proposal_Content, PENDING, Proposal_Title_FOR_TEST, 2
1989, 676, Proposal_Content, PENDING, Proposal_Title_FOR_TEST, 2
1990, 676, Proposal_Content, PENDING, Proposal_Title_FOR_TEST, 2
1991, 676, Proposal_Content, PENDING, Proposal_Title_FOR_TEST, 2
1992, 676, Proposal_Content, PENDING, Proposal_Title_FOR_TEST, 2
1993, 676, Proposal_Content, PENDING, Proposal_Title_FOR_TEST, 2
1994, 676, Proposal_Content, PENDING, Proposal_Title_FOR_TEST, 2
1995, 676, Proposal_Content, PENDING, Proposal_Title_FOR_TEST, 2
1996, 676, Proposal_Content, PENDING, Proposal_Title_FOR_TEST, 2
1997, 676, Proposal_Content, PENDING, Proposal_Title_FOR_TEST, 2
1998, 676, Proposal_Content, PENDING, Proposal_Title_FOR_TEST, 2
1999, 676, Proposal_Content, PENDING, Proposal_Title_FOR_TEST, 2
