1,ReplyContent
2,ReplyContent
3,ReplyContent
4,ReplyContent
5,ReplyContent
6,ReplyContent
7,ReplyContent
8,ReplyContent
9,ReplyContent
10,ReplyContent
11,ReplyContent
12,ReplyContent
13,ReplyContent
14,ReplyContent
15,ReplyContent
16,ReplyContent
17,ReplyContent
18,ReplyContent
19,ReplyContent
20,ReplyContent
21,ReplyContent
22,ReplyContent
23,ReplyContent
24,ReplyContent
25,ReplyContent
26,ReplyContent
27,ReplyContent
28,ReplyContent
29,ReplyContent
30,ReplyContent
31,ReplyContent
32,ReplyContent
33,ReplyContent
34,ReplyContent
35,ReplyContent
36,ReplyContent
37,ReplyContent
38,ReplyContent
39,ReplyContent
40,ReplyContent
41,ReplyContent
42,ReplyContent
43,ReplyContent
44,ReplyContent
45,ReplyContent
46,ReplyContent
47,ReplyContent
48,ReplyContent
49,ReplyContent
50,ReplyContent
51,ReplyContent
52,ReplyContent
53,ReplyContent
54,ReplyContent
55,ReplyContent
56,ReplyContent
57,ReplyContent
58,ReplyContent
59,ReplyContent
60,ReplyContent
61,ReplyContent
62,ReplyContent
63,ReplyContent
64,ReplyContent
65,ReplyContent
66,ReplyContent
67,ReplyContent
68,ReplyContent
69,ReplyContent
70,ReplyContent
71,ReplyContent
72,ReplyContent
73,ReplyContent
74,ReplyContent
75,ReplyContent
76,ReplyContent
77,ReplyContent
78,ReplyContent
79,ReplyContent
80,ReplyContent
81,ReplyContent
82,ReplyContent
83,ReplyContent
84,ReplyContent
85,ReplyContent
86,ReplyContent
87,ReplyContent
88,ReplyContent
89,ReplyContent
90,ReplyContent
91,ReplyContent
92,ReplyContent
93,ReplyContent
94,ReplyContent
95,ReplyContent
96,ReplyContent
97,ReplyContent
98,ReplyContent
99,ReplyContent
100,ReplyContent
