1,Title,Content,0
2,Title,Content,0
3,Title,Content,0
4,Title,Content,0
5,Title,Content,0
6,Title,Content,0
7,Title,Content,0
8,Title,Content,0
9,Title,Content,0
10,Title,Content,0
11,Title,Content,0
12,Title,Content,0
13,Title,Content,0
14,Title,Content,0
15,Title,Content,0
16,Title,Content,0
17,Title,Content,0
18,Title,Content,0
19,Title,Content,0
20,Title,Content,0
21,Title,Content,0
22,Title,Content,0
23,Title,Content,0
24,Title,Content,0
25,Title,Content,0
26,Title,Content,0
27,Title,Content,0
28,Title,Content,0
29,Title,Content,0
30,Title,Content,0
31,Title,Content,0
32,Title,Content,0
33,Title,Content,0
34,Title,Content,0
35,Title,Content,0
36,Title,Content,0
37,Title,Content,0
38,Title,Content,0
39,Title,Content,0
40,Title,Content,0
41,Title,Content,0
42,Title,Content,0
43,Title,Content,0
44,Title,Content,0
45,Title,Content,0
46,Title,Content,0
47,Title,Content,0
48,Title,Content,0
49,Title,Content,0
50,Title,Content,0
51,Title,Content,0
52,Title,Content,0
53,Title,Content,0
54,Title,Content,0
55,Title,Content,0
56,Title,Content,0
57,Title,Content,0
58,Title,Content,0
59,Title,Content,0
60,Title,Content,0
61,Title,Content,0
62,Title,Content,0
63,Title,Content,0
64,Title,Content,0
65,Title,Content,0
66,Title,Content,0
67,Title,Content,0
68,Title,Content,0
69,Title,Content,0
70,Title,Content,0
71,Title,Content,0
72,Title,Content,0
73,Title,Content,0
74,Title,Content,0
75,Title,Content,0
76,Title,Content,0
77,Title,Content,0
78,Title,Content,0
79,Title,Content,0
80,Title,Content,0
81,Title,Content,0
82,Title,Content,0
83,Title,Content,0
84,Title,Content,0
85,Title,Content,0
86,Title,Content,0
87,Title,Content,0
88,Title,Content,0
89,Title,Content,0
90,Title,Content,0
91,Title,Content,0
92,Title,Content,0
93,Title,Content,0
94,Title,Content,0
95,Title,Content,0
96,Title,Content,0
97,Title,Content,0
98,Title,Content,0
99,Title,Content,0
100,Title,Content,0
