TOUR1,1
TOUR2,1
TOUR3,1
TOUR4,1
TOUR5,1
TOUR6,1
TOUR7,1
TOUR8,1
TOUR9,1
TOUR10,1
TOUR11,1
TOUR12,1
TOUR13,1
TOUR14,1
TOUR15,1
TOUR16,1
TOUR17,1
TOUR18,1
TOUR19,1
TOUR20,1
TOUR21,1
TOUR22,1
TOUR23,1
TOUR24,1
TOUR25,1
TOUR26,1
TOUR27,1
TOUR28,1
TOUR29,1
TOUR30,1
TOUR31,1
TOUR32,1
TOUR33,1
TOUR34,1
TOUR35,1
TOUR36,1
TOUR37,1
TOUR38,1
TOUR39,1
TOUR40,1
TOUR41,1
TOUR42,1
TOUR43,1
TOUR44,1
TOUR45,1
TOUR46,1
TOUR47,1
TOUR48,1
TOUR49,1
TOUR50,1
TOUR51,1
TOUR52,1
TOUR53,1
TOUR54,1
TOUR55,1
TOUR56,1
TOUR57,1
TOUR58,1
TOUR59,1
TOUR60,1
TOUR61,1
TOUR62,1
TOUR63,1
TOUR64,1
TOUR65,1
TOUR66,1
TOUR67,1
TOUR68,1
TOUR69,1
TOUR70,1
TOUR71,1
TOUR72,1
TOUR73,1
TOUR74,1
TOUR75,1
TOUR76,1
TOUR77,1
TOUR78,1
TOUR79,1
TOUR80,1
TOUR81,1
TOUR82,1
TOUR83,1
TOUR84,1
TOUR85,1
TOUR86,1
TOUR87,1
TOUR88,1
TOUR89,1
TOUR90,1
TOUR91,1
TOUR92,1
TOUR93,1
TOUR94,1
TOUR95,1
TOUR96,1
TOUR97,1
TOUR98,1
TOUR99,1
TOUR100,1
TOUR101,1
TOUR102,1
TOUR103,1
TOUR104,1
TOUR105,1
TOUR106,1
TOUR107,1
TOUR108,1
TOUR109,1
TOUR110,1
TOUR111,1
TOUR112,1
TOUR113,1
TOUR114,1
TOUR115,1
TOUR116,1
TOUR117,1
TOUR118,1
TOUR119,1
TOUR120,1
TOUR121,1
TOUR122,1
TOUR123,1
TOUR124,1
TOUR125,1
TOUR126,1
TOUR127,1
TOUR128,1
TOUR129,1
TOUR130,1
TOUR131,1
TOUR132,1
TOUR133,1
TOUR134,1
TOUR135,1
TOUR136,1
TOUR137,1
TOUR138,1
TOUR139,1
TOUR140,1
TOUR141,1
TOUR142,1
TOUR143,1
TOUR144,1
TOUR145,1
TOUR146,1
TOUR147,1
TOUR148,1
TOUR149,1
TOUR150,1
TOUR151,1
TOUR152,1
TOUR153,1
TOUR154,1
TOUR155,1
TOUR156,1
TOUR157,1
TOUR158,1
TOUR159,1
TOUR160,1
TOUR161,1
TOUR162,1
TOUR163,1
TOUR164,1
TOUR165,1
TOUR166,1
TOUR167,1
TOUR168,1
TOUR169,1
TOUR170,1
TOUR171,1
TOUR172,1
TOUR173,1
TOUR174,1
TOUR175,1
TOUR176,1
TOUR177,1
TOUR178,1
TOUR179,1
TOUR180,1
TOUR181,1
TOUR182,1
TOUR183,1
TOUR184,1
TOUR185,1
TOUR186,1
TOUR187,1
TOUR188,1
TOUR189,1
TOUR190,1
TOUR191,1
TOUR192,1
TOUR193,1
TOUR194,1
TOUR195,1
TOUR196,1
TOUR197,1
TOUR198,1
TOUR199,1
TOUR200,1
TOUR201,1
TOUR202,1
TOUR203,1
TOUR204,1
TOUR205,1
TOUR206,1
TOUR207,1
TOUR208,1
TOUR209,1
TOUR210,1
TOUR211,1
TOUR212,1
TOUR213,1
TOUR214,1
TOUR215,1
TOUR216,1
TOUR217,1
TOUR218,1
TOUR219,1
TOUR220,1
TOUR221,1
TOUR222,1
TOUR223,1
TOUR224,1
TOUR225,1
TOUR226,1
TOUR227,1
TOUR228,1
TOUR229,1
TOUR230,1
TOUR231,1
TOUR232,1
TOUR233,1
TOUR234,1
TOUR235,1
TOUR236,1
TOUR237,1
TOUR238,1
TOUR239,1
TOUR240,1
TOUR241,1
TOUR242,1
TOUR243,1
TOUR244,1
TOUR245,1
TOUR246,1
TOUR247,1
TOUR248,1
TOUR249,1
TOUR250,1
TOUR251,1
TOUR252,1
TOUR253,1
TOUR254,1
TOUR255,1
TOUR256,1
TOUR257,1
TOUR258,1
TOUR259,1
TOUR260,1
TOUR261,1
TOUR262,1
TOUR263,1
TOUR264,1
TOUR265,1
TOUR266,1
TOUR267,1
TOUR268,1
TOUR269,1
TOUR270,1
TOUR271,1
TOUR272,1
TOUR273,1
TOUR274,1
TOUR275,1
TOUR276,1
TOUR277,1
TOUR278,1
TOUR279,1
TOUR280,1
TOUR281,1
TOUR282,1
TOUR283,1
TOUR284,1
TOUR285,1
TOUR286,1
TOUR287,1
TOUR288,1
TOUR289,1
TOUR290,1
TOUR291,1
TOUR292,1
TOUR293,1
TOUR294,1
TOUR295,1
TOUR296,1
TOUR297,1
TOUR298,1
TOUR299,1
TOUR300,1
TOUR301,1
TOUR302,1
TOUR303,1
TOUR304,1
TOUR305,1
TOUR306,1
TOUR307,1
TOUR308,1
TOUR309,1
TOUR310,1
TOUR311,1
TOUR312,1
TOUR313,1
TOUR314,1
TOUR315,1
TOUR316,1
TOUR317,1
TOUR318,1
TOUR319,1
TOUR320,1
TOUR321,1
TOUR322,1
TOUR323,1
TOUR324,1
TOUR325,1
TOUR326,1
TOUR327,1
TOUR328,1
TOUR329,1
TOUR330,1
TOUR331,1
TOUR332,1
TOUR333,1
TOUR334,1
TOUR335,1
TOUR336,1
TOUR337,1
TOUR338,1
TOUR339,1
TOUR340,1
TOUR341,1
TOUR342,1
TOUR343,1
TOUR344,1
TOUR345,1
TOUR346,1
TOUR347,1
TOUR348,1
TOUR349,1
TOUR350,1
TOUR351,1
TOUR352,1
TOUR353,1
TOUR354,1
TOUR355,1
TOUR356,1
TOUR357,1
TOUR358,1
TOUR359,1
TOUR360,1
TOUR361,1
TOUR362,1
TOUR363,1
TOUR364,1
TOUR365,1
TOUR366,1
TOUR367,1
TOUR368,1
TOUR369,1
TOUR370,1
TOUR371,1
TOUR372,1
TOUR373,1
TOUR374,1
TOUR375,1
TOUR376,1
TOUR377,1
TOUR378,1
TOUR379,1
TOUR380,1
TOUR381,1
TOUR382,1
TOUR383,1
TOUR384,1
TOUR385,1
TOUR386,1
TOUR387,1
TOUR388,1
TOUR389,1
TOUR390,1
TOUR391,1
TOUR392,1
TOUR393,1
TOUR394,1
TOUR395,1
TOUR396,1
TOUR397,1
TOUR398,1
TOUR399,1
TOUR400,1
TOUR401,1
TOUR402,1
TOUR403,1
TOUR404,1
TOUR405,1
TOUR406,1
TOUR407,1
TOUR408,1
TOUR409,1
TOUR410,1
TOUR411,1
TOUR412,1
TOUR413,1
TOUR414,1
TOUR415,1
TOUR416,1
TOUR417,1
TOUR418,1
TOUR419,1
TOUR420,1
TOUR421,1
TOUR422,1
TOUR423,1
TOUR424,1
TOUR425,1
TOUR426,1
TOUR427,1
TOUR428,1
TOUR429,1
TOUR430,1
TOUR431,1
TOUR432,1
TOUR433,1
TOUR434,1
TOUR435,1
TOUR436,1
TOUR437,1
TOUR438,1
TOUR439,1
TOUR440,1
TOUR441,1
TOUR442,1
TOUR443,1
TOUR444,1
TOUR445,1
TOUR446,1
TOUR447,1
TOUR448,1
TOUR449,1
TOUR450,1
TOUR451,1
TOUR452,1
TOUR453,1
TOUR454,1
TOUR455,1
TOUR456,1
TOUR457,1
TOUR458,1
TOUR459,1
TOUR460,1
TOUR461,1
TOUR462,1
TOUR463,1
TOUR464,1
TOUR465,1
TOUR466,1
TOUR467,1
TOUR468,1
TOUR469,1
TOUR470,1
TOUR471,1
TOUR472,1
TOUR473,1
TOUR474,1
TOUR475,1
TOUR476,1
TOUR477,1
TOUR478,1
TOUR479,1
TOUR480,1
TOUR481,1
TOUR482,1
TOUR483,1
TOUR484,1
TOUR485,1
TOUR486,1
TOUR487,1
TOUR488,1
TOUR489,1
TOUR490,1
TOUR491,1
TOUR492,1
TOUR493,1
TOUR494,1
TOUR495,1
TOUR496,1
TOUR497,1
TOUR498,1
TOUR499,1
TOUR500,1
TOUR501,1
TOUR502,1
TOUR503,1
TOUR504,1
TOUR505,1
TOUR506,1
TOUR507,1
TOUR508,1
TOUR509,1
TOUR510,1
TOUR511,1
TOUR512,1
TOUR513,1
TOUR514,1
TOUR515,1
TOUR516,1
TOUR517,1
TOUR518,1
TOUR519,1
TOUR520,1
TOUR521,1
TOUR522,1
TOUR523,1
TOUR524,1
TOUR525,1
TOUR526,1
TOUR527,1
TOUR528,1
TOUR529,1
TOUR530,1
TOUR531,1
TOUR532,1
TOUR533,1
TOUR534,1
TOUR535,1
TOUR536,1
TOUR537,1
TOUR538,1
TOUR539,1
TOUR540,1
TOUR541,1
TOUR542,1
TOUR543,1
TOUR544,1
TOUR545,1
TOUR546,1
TOUR547,1
TOUR548,1
TOUR549,1
TOUR550,1
TOUR551,1
TOUR552,1
TOUR553,1
TOUR554,1
TOUR555,1
TOUR556,1
TOUR557,1
TOUR558,1
TOUR559,1
TOUR560,1
TOUR561,1
TOUR562,1
TOUR563,1
TOUR564,1
TOUR565,1
TOUR566,1
TOUR567,1
TOUR568,1
TOUR569,1
TOUR570,1
TOUR571,1
TOUR572,1
TOUR573,1
TOUR574,1
TOUR575,1
TOUR576,1
TOUR577,1
TOUR578,1
TOUR579,1
TOUR580,1
TOUR581,1
TOUR582,1
TOUR583,1
TOUR584,1
TOUR585,1
TOUR586,1
TOUR587,1
TOUR588,1
TOUR589,1
TOUR590,1
TOUR591,1
TOUR592,1
TOUR593,1
TOUR594,1
TOUR595,1
TOUR596,1
TOUR597,1
TOUR598,1
TOUR599,1
TOUR600,1
TOUR601,1
TOUR602,1
TOUR603,1
TOUR604,1
TOUR605,1
TOUR606,1
TOUR607,1
TOUR608,1
TOUR609,1
TOUR610,1
TOUR611,1
TOUR612,1
TOUR613,1
TOUR614,1
TOUR615,1
TOUR616,1
TOUR617,1
TOUR618,1
TOUR619,1
TOUR620,1
TOUR621,1
TOUR622,1
TOUR623,1
TOUR624,1
TOUR625,1
TOUR626,1
TOUR627,1
TOUR628,1
TOUR629,1
TOUR630,1
TOUR631,1
TOUR632,1
TOUR633,1
TOUR634,1
TOUR635,1
TOUR636,1
TOUR637,1
TOUR638,1
TOUR639,1
TOUR640,1
TOUR641,1
TOUR642,1
TOUR643,1
TOUR644,1
TOUR645,1
TOUR646,1
TOUR647,1
TOUR648,1
TOUR649,1
TOUR650,1
TOUR651,1
TOUR652,1
TOUR653,1
TOUR654,1
TOUR655,1
TOUR656,1
TOUR657,1
TOUR658,1
TOUR659,1
TOUR660,1
TOUR661,1
TOUR662,1
TOUR663,1
TOUR664,1
TOUR665,1
TOUR666,1
TOUR667,1
TOUR668,1
TOUR669,1
TOUR670,1
TOUR671,1
TOUR672,1
TOUR673,1
TOUR674,1
TOUR675,1
TOUR676,1
TOUR677,1
TOUR678,1
TOUR679,1
TOUR680,1
TOUR681,1
TOUR682,1
TOUR683,1
TOUR684,1
TOUR685,1
TOUR686,1
TOUR687,1
TOUR688,1
TOUR689,1
TOUR690,1
TOUR691,1
TOUR692,1
TOUR693,1
TOUR694,1
TOUR695,1
TOUR696,1
TOUR697,1
TOUR698,1
TOUR699,1
TOUR700,1
TOUR701,1
TOUR702,1
TOUR703,1
TOUR704,1
TOUR705,1
TOUR706,1
TOUR707,1
TOUR708,1
TOUR709,1
TOUR710,1
TOUR711,1
TOUR712,1
TOUR713,1
TOUR714,1
TOUR715,1
TOUR716,1
TOUR717,1
TOUR718,1
TOUR719,1
TOUR720,1
TOUR721,1
TOUR722,1
TOUR723,1
TOUR724,1
TOUR725,1
TOUR726,1
TOUR727,1
TOUR728,1
TOUR729,1
TOUR730,1
TOUR731,1
TOUR732,1
TOUR733,1
TOUR734,1
TOUR735,1
TOUR736,1
TOUR737,1
TOUR738,1
TOUR739,1
TOUR740,1
TOUR741,1
TOUR742,1
TOUR743,1
TOUR744,1
TOUR745,1
TOUR746,1
TOUR747,1
TOUR748,1
TOUR749,1
TOUR750,1
TOUR751,1
TOUR752,1
TOUR753,1
TOUR754,1
TOUR755,1
TOUR756,1
TOUR757,1
TOUR758,1
TOUR759,1
TOUR760,1
TOUR761,1
TOUR762,1
TOUR763,1
TOUR764,1
TOUR765,1
TOUR766,1
TOUR767,1
TOUR768,1
TOUR769,1
TOUR770,1
TOUR771,1
TOUR772,1
TOUR773,1
TOUR774,1
TOUR775,1
TOUR776,1
TOUR777,1
TOUR778,1
TOUR779,1
TOUR780,1
TOUR781,1
TOUR782,1
TOUR783,1
TOUR784,1
TOUR785,1
TOUR786,1
TOUR787,1
TOUR788,1
TOUR789,1
TOUR790,1
TOUR791,1
TOUR792,1
TOUR793,1
TOUR794,1
TOUR795,1
TOUR796,1
TOUR797,1
TOUR798,1
TOUR799,1
TOUR800,1
TOUR801,1
TOUR802,1
TOUR803,1
TOUR804,1
TOUR805,1
TOUR806,1
TOUR807,1
TOUR808,1
TOUR809,1
TOUR810,1
TOUR811,1
TOUR812,1
TOUR813,1
TOUR814,1
TOUR815,1
TOUR816,1
TOUR817,1
TOUR818,1
TOUR819,1
TOUR820,1
TOUR821,1
TOUR822,1
TOUR823,1
TOUR824,1
TOUR825,1
TOUR826,1
TOUR827,1
TOUR828,1
TOUR829,1
TOUR830,1
TOUR831,1
TOUR832,1
TOUR833,1
TOUR834,1
TOUR835,1
TOUR836,1
TOUR837,1
TOUR838,1
TOUR839,1
TOUR840,1
TOUR841,1
TOUR842,1
TOUR843,1
TOUR844,1
TOUR845,1
TOUR846,1
TOUR847,1
TOUR848,1
TOUR849,1
TOUR850,1
TOUR851,1
TOUR852,1
TOUR853,1
TOUR854,1
TOUR855,1
TOUR856,1
TOUR857,1
TOUR858,1
TOUR859,1
TOUR860,1
TOUR861,1
TOUR862,1
TOUR863,1
TOUR864,1
TOUR865,1
TOUR866,1
TOUR867,1
TOUR868,1
TOUR869,1
TOUR870,1
TOUR871,1
TOUR872,1
TOUR873,1
TOUR874,1
TOUR875,1
TOUR876,1
TOUR877,1
TOUR878,1
TOUR879,1
TOUR880,1
TOUR881,1
TOUR882,1
TOUR883,1
TOUR884,1
TOUR885,1
TOUR886,1
TOUR887,1
TOUR888,1
TOUR889,1
TOUR890,1
TOUR891,1
TOUR892,1
TOUR893,1
TOUR894,1
TOUR895,1
TOUR896,1
TOUR897,1
TOUR898,1
TOUR899,1
TOUR900,1
TOUR901,1
TOUR902,1
TOUR903,1
TOUR904,1
TOUR905,1
TOUR906,1
TOUR907,1
TOUR908,1
TOUR909,1
TOUR910,1
TOUR911,1
TOUR912,1
TOUR913,1
TOUR914,1
TOUR915,1
TOUR916,1
TOUR917,1
TOUR918,1
TOUR919,1
TOUR920,1
TOUR921,1
TOUR922,1
TOUR923,1
TOUR924,1
TOUR925,1
TOUR926,1
TOUR927,1
TOUR928,1
TOUR929,1
TOUR930,1
TOUR931,1
TOUR932,1
TOUR933,1
TOUR934,1
TOUR935,1
TOUR936,1
TOUR937,1
TOUR938,1
TOUR939,1
TOUR940,1
TOUR941,1
TOUR942,1
TOUR943,1
TOUR944,1
TOUR945,1
TOUR946,1
TOUR947,1
TOUR948,1
TOUR949,1
TOUR950,1
TOUR951,1
TOUR952,1
TOUR953,1
TOUR954,1
TOUR955,1
TOUR956,1
TOUR957,1
TOUR958,1
TOUR959,1
TOUR960,1
TOUR961,1
TOUR962,1
TOUR963,1
TOUR964,1
TOUR965,1
TOUR966,1
TOUR967,1
TOUR968,1
TOUR969,1
TOUR970,1
TOUR971,1
TOUR972,1
TOUR973,1
TOUR974,1
TOUR975,1
TOUR976,1
TOUR977,1
TOUR978,1
TOUR979,1
TOUR980,1
TOUR981,1
TOUR982,1
TOUR983,1
TOUR984,1
TOUR985,1
TOUR986,1
TOUR987,1
TOUR988,1
TOUR989,1
TOUR990,1
TOUR991,1
TOUR992,1
TOUR993,1
TOUR994,1
TOUR995,1
TOUR996,1
TOUR997,1
TOUR998,1
TOUR999,1
TOUR1000,1
